[
{
"name": "Tokyo",
"visitors": "114"
},
{
"name": "Aichi",
"visitors": "19"
},
{
"name": "Kanagawa",
"visitors": "17"
},
{
"name": "Osaka",
"visitors": "16"
},
{
"name": "Chiba",
"visitors": "10"
},
{
"name": "Saitama",
"visitors": "9"
},
{
"name": "Ibaraki",
"visitors": "7"
},
{
"name": "Shizuoka",
"visitors": "6"
},
{
"name": "Fukuoka",
"visitors": "6"
},
{
"name": "Kyoto",
"visitors": "4"
},
{
"name": "Guangdong",
"visitors": "3"
},
{
"name": "Tokushima",
"visitors": "3"
},
{
"name": "Hokkaido",
"visitors": "2"
},
{
"name": "Toyama",
"visitors": "2"
},
{
"name": "Gifu",
"visitors": "2"
},
{
"name": "Shiga",
"visitors": "2"
},
{
"name": "Bangkok",
"visitors": "2"
},
{
"name": "Shanghai",
"visitors": "1"
},
{
"name": "North Rhine-Westphalia",
"visitors": "1"
},
{
"name": "Tsuen Wan New Territories",
"visitors": "1"
},
{
"name": "East Java",
"visitors": "1"
},
{
"name": "Uttar Pradesh",
"visitors": "1"
},
{
"name": "Miyagi",
"visitors": "1"
},
{
"name": "Tochigi",
"visitors": "1"
},
{
"name": "Mie",
"visitors": "1"
},
{
"name": "Hyogo",
"visitors": "1"
},
{
"name": "Shimane",
"visitors": "1"
},
{
"name": "Hiroshima",
"visitors": "1"
},
{
"name": "Ehime",
"visitors": "1"
},
{
"name": "Kumamoto",
"visitors": "1"
},
{
"name": "Kagoshima",
"visitors": "1"
},
{
"name": "California",
"visitors": "1"
}
]