[
{
"name": "Tokyo",
"visitors": "1787"
},
{
"name": "Osaka",
"visitors": "486"
},
{
"name": "Kanagawa",
"visitors": "312"
},
{
"name": "Saitama",
"visitors": "191"
},
{
"name": "Chiba",
"visitors": "178"
},
{
"name": "Aichi",
"visitors": "165"
},
{
"name": "Fukuoka",
"visitors": "120"
},
{
"name": "Hyogo",
"visitors": "114"
},
{
"name": "Hebei",
"visitors": "93"
},
{
"name": "Hokkaido",
"visitors": "72"
},
{
"name": "Shizuoka",
"visitors": "60"
},
{
"name": "Kyoto",
"visitors": "54"
},
{
"name": "Guangdong",
"visitors": "49"
},
{
"name": "Miyagi",
"visitors": "38"
},
{
"name": "Ibaraki",
"visitors": "38"
},
{
"name": "Hiroshima",
"visitors": "36"
},
{
"name": "Gunma",
"visitors": "32"
},
{
"name": "Zhejiang",
"visitors": "31"
},
{
"name": "Jiangsu",
"visitors": "30"
},
{
"name": "Tochigi",
"visitors": "29"
},
{
"name": "Niigata",
"visitors": "27"
},
{
"name": "Nagano",
"visitors": "23"
},
{
"name": "Tokushima",
"visitors": "23"
},
{
"name": "Gifu",
"visitors": "20"
},
{
"name": "Sichuan",
"visitors": "18"
},
{
"name": "Mie",
"visitors": "17"
},
{
"name": "Okinawa",
"visitors": "17"
},
{
"name": "California",
"visitors": "16"
},
{
"name": "Shiga",
"visitors": "14"
},
{
"name": "Shandong",
"visitors": "13"
},
{
"name": "Yamagata",
"visitors": "13"
},
{
"name": "Fukushima",
"visitors": "13"
},
{
"name": "Toyama",
"visitors": "13"
},
{
"name": "Okayama",
"visitors": "13"
},
{
"name": "Kochi",
"visitors": "12"
},
{
"name": "Nara",
"visitors": "11"
},
{
"name": "Fujian",
"visitors": "10"
},
{
"name": "Shanghai",
"visitors": "10"
},
{
"name": "Kagawa",
"visitors": "10"
},
{
"name": "Ehime",
"visitors": "10"
},
{
"name": "Henan",
"visitors": "9"
},
{
"name": "Shaanxi",
"visitors": "9"
},
{
"name": "Hanoi",
"visitors": "9"
},
{
"name": "Wakayama",
"visitors": "8"
},
{
"name": "Oita",
"visitors": "8"
},
{
"name": "Miyazaki",
"visitors": "8"
},
{
"name": "Anhui",
"visitors": "7"
},
{
"name": "Beijing",
"visitors": "7"
},
{
"name": "Guangxi",
"visitors": "7"
},
{
"name": "Hubei",
"visitors": "6"
},
{
"name": "Iwate",
"visitors": "6"
},
{
"name": "Ishikawa",
"visitors": "6"
},
{
"name": "Shimane",
"visitors": "6"
},
{
"name": "Yamaguchi",
"visitors": "6"
},
{
"name": "Kagoshima",
"visitors": "6"
},
{
"name": "Aomori",
"visitors": "5"
},
{
"name": "Akita",
"visitors": "5"
},
{
"name": "Fukui",
"visitors": "5"
},
{
"name": "Saga",
"visitors": "5"
},
{
"name": "Kumamoto",
"visitors": "5"
},
{
"name": "New South Wales",
"visitors": "4"
},
{
"name": "Gansu",
"visitors": "4"
},
{
"name": "Guizhou",
"visitors": "4"
},
{
"name": "Tianjin",
"visitors": "4"
},
{
"name": "England",
"visitors": "4"
},
{
"name": "Washington DC",
"visitors": "4"
},
{
"name": "Virginia",
"visitors": "4"
},
{
"name": "Ho Chi Minh City",
"visitors": "4"
},
{
"name": "Hainan",
"visitors": "3"
},
{
"name": "Hunan",
"visitors": "3"
},
{
"name": "Liaoning",
"visitors": "3"
},
{
"name": "Kerala",
"visitors": "3"
},
{
"name": "Madhya Pradesh",
"visitors": "3"
},
{
"name": "Tottori",
"visitors": "3"
},
{
"name": "Nagasaki",
"visitors": "3"
},
{
"name": "Colorado",
"visitors": "3"
},
{
"name": "Buenos Aires Province",
"visitors": "2"
},
{
"name": "Goi\u00e1s",
"visitors": "2"
},
{
"name": "Chongqing",
"visitors": "2"
},
{
"name": "Shanxi",
"visitors": "2"
},
{
"name": "Prague",
"visitors": "2"
},
{
"name": "Brittany",
"visitors": "2"
},
{
"name": "Jakarta",
"visitors": "2"
},
{
"name": "Punjab",
"visitors": "2"
},
{
"name": "Yamanashi",
"visitors": "2"
},
{
"name": "Seoul",
"visitors": "2"
},
{
"name": "Penang",
"visitors": "2"
},
{
"name": "North Holland",
"visitors": "2"
},
{
"name": "Greater Poland",
"visitors": "2"
},
{
"name": "Ivanovo",
"visitors": "2"
},
{
"name": "Tatarstan",
"visitors": "2"
},
{
"name": "Yilan",
"visitors": "2"
},
{
"name": "New Taipei",
"visitors": "2"
},
{
"name": "Florida",
"visitors": "2"
},
{
"name": "New York",
"visitors": "2"
},
{
"name": "Pennsylvania",
"visitors": "2"
},
{
"name": "Abu Dhabi",
"visitors": "1"
},
{
"name": "Sofia",
"visitors": "1"
},
{
"name": "Esp\u00edrito Santo",
"visitors": "1"
},
{
"name": "Pernambuco",
"visitors": "1"
},
{
"name": "S\u00e3o Paulo",
"visitors": "1"
},
{
"name": "Yunnan",
"visitors": "1"
},
{
"name": "Pichincha",
"visitors": "1"
},
{
"name": "Minya",
"visitors": "1"
},
{
"name": "Uusimaa",
"visitors": "1"
},
{
"name": "Auvergne-Rh\u00f4ne-Alpes",
"visitors": "1"
},
{
"name": "Centre-Val de Loire",
"visitors": "1"
},
{
"name": "Budapest",
"visitors": "1"
},
{
"name": "Delhi",
"visitors": "1"
},
{
"name": "Karnataka",
"visitors": "1"
},
{
"name": "Meghalaya",
"visitors": "1"
},
{
"name": "Telang\u0101na",
"visitors": "1"
},
{
"name": "Baghdad",
"visitors": "1"
},
{
"name": "Lazio",
"visitors": "1"
},
{
"name": "Gyeonggi",
"visitors": "1"
},
{
"name": "Aktobe",
"visitors": "1"
},
{
"name": "Bamako",
"visitors": "1"
},
{
"name": "Kuala Lumpur",
"visitors": "1"
},
{
"name": "Province 3",
"visitors": "1"
},
{
"name": "Northern Mindanao",
"visitors": "1"
},
{
"name": "Porto",
"visitors": "1"
},
{
"name": "Stockholm",
"visitors": "1"
},
{
"name": "Bangkok",
"visitors": "1"
},
{
"name": "Tunis",
"visitors": "1"
},
{
"name": "Sakarya",
"visitors": "1"
},
{
"name": "Taipei",
"visitors": "1"
},
{
"name": "Central",
"visitors": "1"
},
{
"name": "Iowa",
"visitors": "1"
},
{
"name": "Massachusetts",
"visitors": "1"
},
{
"name": "Utah",
"visitors": "1"
},
{
"name": "Ninh B\u00ecnh",
"visitors": "1"
},
{
"name": "Western Cape",
"visitors": "1"
}
]