[
{
"name": "Milan",
"visitors": "46"
},
{
"name": "Rome",
"visitors": "29"
},
{
"name": "Singapore",
"visitors": "12"
},
{
"name": "Naples",
"visitors": "12"
},
{
"name": "Brescia",
"visitors": "6"
},
{
"name": "Bologna",
"visitors": "6"
},
{
"name": "Bari",
"visitors": "5"
},
{
"name": "Turin",
"visitors": "4"
},
{
"name": "Sesto San Giovanni",
"visitors": "4"
},
{
"name": "Genoa",
"visitors": "4"
},
{
"name": "Florence",
"visitors": "4"
},
{
"name": "Palermo",
"visitors": "3"
},
{
"name": "Marseille",
"visitors": "3"
},
{
"name": "Pisa",
"visitors": "3"
},
{
"name": "Padova",
"visitors": "3"
},
{
"name": "Moscow",
"visitors": "2"
},
{
"name": "Makassar",
"visitors": "2"
},
{
"name": "Jakarta",
"visitors": "2"
},
{
"name": "Libreville",
"visitors": "2"
},
{
"name": "Msaken",
"visitors": "2"
},
{
"name": "Cosenza",
"visitors": "2"
},
{
"name": "Cagliari",
"visitors": "2"
},
{
"name": "Enschede",
"visitors": "2"
},
{
"name": "Nantes",
"visitors": "2"
},
{
"name": "Madrid",
"visitors": "2"
},
{
"name": "Turbigo",
"visitors": "2"
},
{
"name": "Treviso",
"visitors": "2"
},
{
"name": "Talla",
"visitors": "2"
},
{
"name": "Seriate",
"visitors": "2"
},
{
"name": "Sassari",
"visitors": "2"
},
{
"name": "Sant'Agnello",
"visitors": "2"
},
{
"name": "Saluggia",
"visitors": "2"
},
{
"name": "Rosora",
"visitors": "2"
},
{
"name": "Pompei",
"visitors": "2"
},
{
"name": "Nembro",
"visitors": "2"
},
{
"name": "Monopoli",
"visitors": "2"
},
{
"name": "Modugno",
"visitors": "2"
},
{
"name": "Lecce",
"visitors": "2"
},
{
"name": "Gardone Val Trompia",
"visitors": "2"
},
{
"name": "Bolzano",
"visitors": "2"
},
{
"name": "Manizales",
"visitors": "2"
},
{
"name": "Rogeno",
"visitors": "2"
},
{
"name": "Settingiano",
"visitors": "2"
},
{
"name": "Pregnana Milanese",
"visitors": "2"
},
{
"name": "Cairo",
"visitors": "1"
},
{
"name": "Middelburg",
"visitors": "1"
},
{
"name": "Depok",
"visitors": "1"
},
{
"name": "Shanghai",
"visitors": "1"
},
{
"name": "Abidjan",
"visitors": "1"
},
{
"name": "Z\u00fcrich",
"visitors": "1"
},
{
"name": "Santa Maria Capua Vetere",
"visitors": "1"
},
{
"name": "San Giuseppe Vesuviano",
"visitors": "1"
},
{
"name": "Reggio nell'Emilia",
"visitors": "1"
},
{
"name": "Prato",
"visitors": "1"
},
{
"name": "Perugia",
"visitors": "1"
},
{
"name": "Monticello Conte Otto",
"visitors": "1"
},
{
"name": "Montelupo Albese",
"visitors": "1"
},
{
"name": "Mel",
"visitors": "1"
},
{
"name": "Mariano Comense",
"visitors": "1"
},
{
"name": "Lissone",
"visitors": "1"
},
{
"name": "Legnano",
"visitors": "1"
},
{
"name": "Giugliano in Campania",
"visitors": "1"
},
{
"name": "Gambettola",
"visitors": "1"
},
{
"name": "Cormano",
"visitors": "1"
},
{
"name": "Cesena",
"visitors": "1"
},
{
"name": "Bovolone",
"visitors": "1"
},
{
"name": "Bergamo",
"visitors": "1"
},
{
"name": "Altamura",
"visitors": "1"
},
{
"name": "Acerra",
"visitors": "1"
},
{
"name": "Castel Rozzone",
"visitors": "1"
},
{
"name": "Barbaresco",
"visitors": "1"
}
]