[
{
"name": "Tokyo",
"visitors": "131"
},
{
"name": "Kanagawa",
"visitors": "21"
},
{
"name": "Osaka",
"visitors": "21"
},
{
"name": "Saitama",
"visitors": "11"
},
{
"name": "Aichi",
"visitors": "8"
},
{
"name": "Hokkaido",
"visitors": "7"
},
{
"name": "Hyogo",
"visitors": "7"
},
{
"name": "Chiba",
"visitors": "6"
},
{
"name": "Miyagi",
"visitors": "5"
},
{
"name": "Ibaraki",
"visitors": "5"
},
{
"name": "Nagasaki",
"visitors": "5"
},
{
"name": "Fukuoka",
"visitors": "4"
},
{
"name": "Kumamoto",
"visitors": "4"
},
{
"name": "Nagano",
"visitors": "3"
},
{
"name": "Kyoto",
"visitors": "3"
},
{
"name": "Gunma",
"visitors": "2"
},
{
"name": "Tokushima",
"visitors": "2"
},
{
"name": "Miyazaki",
"visitors": "2"
},
{
"name": "Riyadh",
"visitors": "2"
},
{
"name": "Centre",
"visitors": "1"
},
{
"name": "Andalusia",
"visitors": "1"
},
{
"name": "England",
"visitors": "1"
},
{
"name": "Niigata",
"visitors": "1"
},
{
"name": "Shizuoka",
"visitors": "1"
},
{
"name": "Tottori",
"visitors": "1"
},
{
"name": "Ehime",
"visitors": "1"
},
{
"name": "Leningrad",
"visitors": "1"
},
{
"name": "Yilan",
"visitors": "1"
},
{
"name": "Taipei",
"visitors": "1"
},
{
"name": "Florida",
"visitors": "1"
},
{
"name": "New Jersey",
"visitors": "1"
},
{
"name": "Tashkent",
"visitors": "1"
},
{
"name": "Hanoi",
"visitors": "1"
}
]