[
{
"name": "Tokyo",
"visitors": "1753"
},
{
"name": "Osaka",
"visitors": "441"
},
{
"name": "Kanagawa",
"visitors": "276"
},
{
"name": "Saitama",
"visitors": "173"
},
{
"name": "Chiba",
"visitors": "169"
},
{
"name": "Aichi",
"visitors": "142"
},
{
"name": "Hyogo",
"visitors": "82"
},
{
"name": "Fukuoka",
"visitors": "68"
},
{
"name": "Hokkaido",
"visitors": "62"
},
{
"name": "Kyoto",
"visitors": "60"
},
{
"name": "Hebei",
"visitors": "58"
},
{
"name": "Shizuoka",
"visitors": "56"
},
{
"name": "Hiroshima",
"visitors": "42"
},
{
"name": "Ibaraki",
"visitors": "39"
},
{
"name": "Guangdong",
"visitors": "29"
},
{
"name": "Nagano",
"visitors": "27"
},
{
"name": "Ishikawa",
"visitors": "26"
},
{
"name": "Tochigi",
"visitors": "24"
},
{
"name": "Miyagi",
"visitors": "23"
},
{
"name": "Nara",
"visitors": "23"
},
{
"name": "Okinawa",
"visitors": "21"
},
{
"name": "Kumamoto",
"visitors": "20"
},
{
"name": "Sichuan",
"visitors": "17"
},
{
"name": "California",
"visitors": "17"
},
{
"name": "Gifu",
"visitors": "16"
},
{
"name": "Gunma",
"visitors": "14"
},
{
"name": "Mie",
"visitors": "14"
},
{
"name": "Jiangsu",
"visitors": "13"
},
{
"name": "Yamagata",
"visitors": "13"
},
{
"name": "Okayama",
"visitors": "13"
},
{
"name": "Tokushima",
"visitors": "13"
},
{
"name": "Ehime",
"visitors": "13"
},
{
"name": "Zhejiang",
"visitors": "12"
},
{
"name": "Oregon",
"visitors": "12"
},
{
"name": "Henan",
"visitors": "11"
},
{
"name": "Iwate",
"visitors": "10"
},
{
"name": "Shiga",
"visitors": "10"
},
{
"name": "Shandong",
"visitors": "9"
},
{
"name": "Toyama",
"visitors": "9"
},
{
"name": "Yamanashi",
"visitors": "9"
},
{
"name": "Kagawa",
"visitors": "9"
},
{
"name": "Kochi",
"visitors": "9"
},
{
"name": "Kagoshima",
"visitors": "9"
},
{
"name": "Niigata",
"visitors": "8"
},
{
"name": "Oita",
"visitors": "8"
},
{
"name": "Yunnan",
"visitors": "7"
},
{
"name": "Fukushima",
"visitors": "7"
},
{
"name": "Fukui",
"visitors": "7"
},
{
"name": "Shanghai",
"visitors": "6"
},
{
"name": "Shaanxi",
"visitors": "6"
},
{
"name": "Akita",
"visitors": "6"
},
{
"name": "Saga",
"visitors": "6"
},
{
"name": "New York",
"visitors": "6"
},
{
"name": "Anhui",
"visitors": "5"
},
{
"name": "Beijing",
"visitors": "5"
},
{
"name": "Fujian",
"visitors": "5"
},
{
"name": "Tianjin",
"visitors": "5"
},
{
"name": "Aomori",
"visitors": "5"
},
{
"name": "Wakayama",
"visitors": "5"
},
{
"name": "Iowa",
"visitors": "5"
},
{
"name": "Ho Chi Minh City",
"visitors": "5"
},
{
"name": "Guangxi",
"visitors": "4"
},
{
"name": "Hainan",
"visitors": "4"
},
{
"name": "Liaoning",
"visitors": "4"
},
{
"name": "Shimane",
"visitors": "4"
},
{
"name": "Miyazaki",
"visitors": "4"
},
{
"name": "Hanoi",
"visitors": "4"
},
{
"name": "Chongqing",
"visitors": "3"
},
{
"name": "Gansu",
"visitors": "3"
},
{
"name": "Hunan",
"visitors": "3"
},
{
"name": "Moscow",
"visitors": "3"
},
{
"name": "New Taipei",
"visitors": "3"
},
{
"name": "Colorado",
"visitors": "3"
},
{
"name": "Virginia",
"visitors": "3"
},
{
"name": "Hubei",
"visitors": "2"
},
{
"name": "Shanxi",
"visitors": "2"
},
{
"name": "Xinjiang",
"visitors": "2"
},
{
"name": "Hesse",
"visitors": "2"
},
{
"name": "England",
"visitors": "2"
},
{
"name": "Zagreb",
"visitors": "2"
},
{
"name": "Tottori",
"visitors": "2"
},
{
"name": "Yamaguchi",
"visitors": "2"
},
{
"name": "Nagasaki",
"visitors": "2"
},
{
"name": "North Gyeongsang",
"visitors": "2"
},
{
"name": "Yangon",
"visitors": "2"
},
{
"name": "Mexico State",
"visitors": "2"
},
{
"name": "Central Visayas",
"visitors": "2"
},
{
"name": "Mazovia",
"visitors": "2"
},
{
"name": "Bangkok",
"visitors": "2"
},
{
"name": "Georgia",
"visitors": "2"
},
{
"name": "Massachusetts",
"visitors": "2"
},
{
"name": "Washington",
"visitors": "2"
},
{
"name": "B\u00ecnh Thu\u1eadn",
"visitors": "2"
},
{
"name": "New South Wales",
"visitors": "1"
},
{
"name": "Rio de Janeiro",
"visitors": "1"
},
{
"name": "Guizhou",
"visitors": "1"
},
{
"name": "Heilongjiang",
"visitors": "1"
},
{
"name": "Jilin",
"visitors": "1"
},
{
"name": "Bol\u00edvar",
"visitors": "1"
},
{
"name": "North Rhine-Westphalia",
"visitors": "1"
},
{
"name": "Auvergne-Rh\u00f4ne-Alpes",
"visitors": "1"
},
{
"name": "\u00cele-de-France",
"visitors": "1"
},
{
"name": "Karnataka",
"visitors": "1"
},
{
"name": "Maharashtra",
"visitors": "1"
},
{
"name": "Uttar Pradesh",
"visitors": "1"
},
{
"name": "Tuscany",
"visitors": "1"
},
{
"name": "Kuala Lumpur",
"visitors": "1"
},
{
"name": "Canterbury",
"visitors": "1"
},
{
"name": "Lipetsk",
"visitors": "1"
},
{
"name": "Washington DC",
"visitors": "1"
},
{
"name": "Florida",
"visitors": "1"
},
{
"name": "Illinois",
"visitors": "1"
},
{
"name": "New Jersey",
"visitors": "1"
},
{
"name": "Nevada",
"visitors": "1"
},
{
"name": "Da Nang",
"visitors": "1"
}
]