[
{
"name": "Taipei",
"visitors": "244"
},
{
"name": "New Taipei",
"visitors": "162"
},
{
"name": "Taichung",
"visitors": "75"
},
{
"name": "Taoyuan",
"visitors": "74"
},
{
"name": "Kaohsiung",
"visitors": "57"
},
{
"name": "Tainan",
"visitors": "47"
},
{
"name": "Hsinchu County",
"visitors": "45"
},
{
"name": "Hsinchu",
"visitors": "33"
},
{
"name": "Ho Chi Minh City",
"visitors": "18"
},
{
"name": "Tokyo",
"visitors": "15"
},
{
"name": "Guangdong",
"visitors": "13"
},
{
"name": "Shanghai",
"visitors": "13"
},
{
"name": "Changhua",
"visitors": "12"
},
{
"name": "New Jersey",
"visitors": "10"
},
{
"name": "California",
"visitors": "9"
},
{
"name": "Oregon",
"visitors": "7"
},
{
"name": "Hanoi",
"visitors": "7"
},
{
"name": "Yilan",
"visitors": "6"
},
{
"name": "Yunlin",
"visitors": "6"
},
{
"name": "Beijing",
"visitors": "5"
},
{
"name": "Hebei",
"visitors": "5"
},
{
"name": "Haiphong",
"visitors": "5"
},
{
"name": "Buenos Aires Province",
"visitors": "4"
},
{
"name": "Zhejiang",
"visitors": "4"
},
{
"name": "North Rhine-Westphalia",
"visitors": "4"
},
{
"name": "Kowloon City Kowloon",
"visitors": "4"
},
{
"name": "Chiayi County",
"visitors": "4"
},
{
"name": "New York",
"visitors": "4"
},
{
"name": "Washington",
"visitors": "4"
},
{
"name": "Da Nang",
"visitors": "4"
},
{
"name": "Buenos Aires",
"visitors": "3"
},
{
"name": "Henan",
"visitors": "3"
},
{
"name": "Jiangsu",
"visitors": "3"
},
{
"name": "Shandong",
"visitors": "3"
},
{
"name": "Central and Western Hong Kong Island",
"visitors": "3"
},
{
"name": "Kwun Tong Kowloon",
"visitors": "3"
},
{
"name": "Saitama",
"visitors": "3"
},
{
"name": "Lisbon",
"visitors": "3"
},
{
"name": "Hualien",
"visitors": "3"
},
{
"name": "Pingtung",
"visitors": "3"
},
{
"name": "Colorado",
"visitors": "3"
},
{
"name": "Iowa",
"visitors": "3"
},
{
"name": "Virginia",
"visitors": "3"
},
{
"name": "Anhui",
"visitors": "2"
},
{
"name": "Sichuan",
"visitors": "2"
},
{
"name": "Eastern Hong Kong Island",
"visitors": "2"
},
{
"name": "Yau Tsim Mong Kowloon",
"visitors": "2"
},
{
"name": "Zagreb",
"visitors": "2"
},
{
"name": "Delhi",
"visitors": "2"
},
{
"name": "Jammu and Kashmir",
"visitors": "2"
},
{
"name": "Amman",
"visitors": "2"
},
{
"name": "Chiba",
"visitors": "2"
},
{
"name": "Porto",
"visitors": "2"
},
{
"name": "Chiayi",
"visitors": "2"
},
{
"name": "Nantou",
"visitors": "2"
},
{
"name": "Taitung",
"visitors": "2"
},
{
"name": "Maryland",
"visitors": "2"
},
{
"name": "H\u1ea3i D\u01b0\u01a1ng",
"visitors": "2"
},
{
"name": "Entre R\u00edos",
"visitors": "1"
},
{
"name": "Chaco",
"visitors": "1"
},
{
"name": "Santa Fe",
"visitors": "1"
},
{
"name": "Vienna",
"visitors": "1"
},
{
"name": "Queensland",
"visitors": "1"
},
{
"name": "Bahia",
"visitors": "1"
},
{
"name": "Cear\u00e1",
"visitors": "1"
},
{
"name": "Minas Gerais",
"visitors": "1"
},
{
"name": "Piau\u00ed",
"visitors": "1"
},
{
"name": "Paran\u00e1",
"visitors": "1"
},
{
"name": "S\u00e3o Paulo",
"visitors": "1"
},
{
"name": "Z\u00fcrich",
"visitors": "1"
},
{
"name": "Santiago Metropolitan",
"visitors": "1"
},
{
"name": "Fujian",
"visitors": "1"
},
{
"name": "Guangxi",
"visitors": "1"
},
{
"name": "Hunan",
"visitors": "1"
},
{
"name": "Jilin",
"visitors": "1"
},
{
"name": "Liaoning",
"visitors": "1"
},
{
"name": "Shaanxi",
"visitors": "1"
},
{
"name": "Hesse",
"visitors": "1"
},
{
"name": "Capital Region",
"visitors": "1"
},
{
"name": "Pichincha",
"visitors": "1"
},
{
"name": "England",
"visitors": "1"
},
{
"name": "Wan Chai Hong Kong Island",
"visitors": "1"
},
{
"name": "Sham Shui Po Kowloon",
"visitors": "1"
},
{
"name": "Islands New Territories",
"visitors": "1"
},
{
"name": "Kwai Tsing New Territories",
"visitors": "1"
},
{
"name": "Sha Tin New Territories",
"visitors": "1"
},
{
"name": "Tsuen Wan New Territories",
"visitors": "1"
},
{
"name": "Haryana",
"visitors": "1"
},
{
"name": "Basra",
"visitors": "1"
},
{
"name": "Baghdad",
"visitors": "1"
},
{
"name": "Irbid",
"visitors": "1"
},
{
"name": "Kanagawa",
"visitors": "1"
},
{
"name": "Tokushima",
"visitors": "1"
},
{
"name": "Chaouia-Ouardigha",
"visitors": "1"
},
{
"name": "Hidalgo",
"visitors": "1"
},
{
"name": "Metro Manila",
"visitors": "1"
},
{
"name": "Central Visayas",
"visitors": "1"
},
{
"name": "Calabarzon",
"visitors": "1"
},
{
"name": "Punjab",
"visitors": "1"
},
{
"name": "Sindh",
"visitors": "1"
},
{
"name": "Viana do Castelo",
"visitors": "1"
},
{
"name": "Asunci\u00f3n",
"visitors": "1"
},
{
"name": "Riyadh",
"visitors": "1"
},
{
"name": "Keelung",
"visitors": "1"
},
{
"name": "Miaoli",
"visitors": "1"
},
{
"name": "Sumshchyna",
"visitors": "1"
},
{
"name": "Georgia",
"visitors": "1"
},
{
"name": "Texas",
"visitors": "1"
},
{
"name": "Utah",
"visitors": "1"
},
{
"name": "Montevideo",
"visitors": "1"
},
{
"name": "Capital",
"visitors": "1"
},
{
"name": "Zulia",
"visitors": "1"
},
{
"name": "B\u00e0 R\u1ecba\u2013V\u0169ng T\u00e0u",
"visitors": "1"
},
{
"name": "\u0110\u1ed3ng Th\u00e1p",
"visitors": "1"
},
{
"name": "C\u00e0 Mau",
"visitors": "1"
},
{
"name": "KwaZulu-Natal",
"visitors": "1"
}
]