[
{
"name": "Tokyo",
"visitors": "1858"
},
{
"name": "Osaka",
"visitors": "480"
},
{
"name": "Kanagawa",
"visitors": "292"
},
{
"name": "Aichi",
"visitors": "165"
},
{
"name": "Chiba",
"visitors": "158"
},
{
"name": "Saitama",
"visitors": "138"
},
{
"name": "Hokkaido",
"visitors": "79"
},
{
"name": "Kyoto",
"visitors": "72"
},
{
"name": "Fukuoka",
"visitors": "72"
},
{
"name": "Hyogo",
"visitors": "62"
},
{
"name": "Guangdong",
"visitors": "57"
},
{
"name": "Ibaraki",
"visitors": "57"
},
{
"name": "Shizuoka",
"visitors": "49"
},
{
"name": "Jiangsu",
"visitors": "36"
},
{
"name": "Shanghai",
"visitors": "32"
},
{
"name": "Tochigi",
"visitors": "30"
},
{
"name": "Niigata",
"visitors": "30"
},
{
"name": "Hiroshima",
"visitors": "29"
},
{
"name": "Ishikawa",
"visitors": "24"
},
{
"name": "Nagano",
"visitors": "24"
},
{
"name": "Mie",
"visitors": "24"
},
{
"name": "Miyagi",
"visitors": "23"
},
{
"name": "Nara",
"visitors": "21"
},
{
"name": "Beijing",
"visitors": "19"
},
{
"name": "Gifu",
"visitors": "19"
},
{
"name": "Gunma",
"visitors": "18"
},
{
"name": "Kumamoto",
"visitors": "17"
},
{
"name": "Okayama",
"visitors": "16"
},
{
"name": "Zhejiang",
"visitors": "14"
},
{
"name": "Fukushima",
"visitors": "13"
},
{
"name": "Liaoning",
"visitors": "12"
},
{
"name": "Sichuan",
"visitors": "11"
},
{
"name": "Fujian",
"visitors": "10"
},
{
"name": "Shandong",
"visitors": "10"
},
{
"name": "Iwate",
"visitors": "10"
},
{
"name": "Shiga",
"visitors": "10"
},
{
"name": "Tokushima",
"visitors": "10"
},
{
"name": "Ehime",
"visitors": "10"
},
{
"name": "Okinawa",
"visitors": "10"
},
{
"name": "Yunnan",
"visitors": "9"
},
{
"name": "Henan",
"visitors": "8"
},
{
"name": "Hunan",
"visitors": "8"
},
{
"name": "Akita",
"visitors": "8"
},
{
"name": "Toyama",
"visitors": "8"
},
{
"name": "Fukui",
"visitors": "8"
},
{
"name": "Shimane",
"visitors": "8"
},
{
"name": "Nagasaki",
"visitors": "8"
},
{
"name": "Kagoshima",
"visitors": "8"
},
{
"name": "Wakayama",
"visitors": "7"
},
{
"name": "Yamaguchi",
"visitors": "7"
},
{
"name": "Kochi",
"visitors": "7"
},
{
"name": "Oita",
"visitors": "7"
},
{
"name": "Yamagata",
"visitors": "6"
},
{
"name": "Yamanashi",
"visitors": "6"
},
{
"name": "California",
"visitors": "6"
},
{
"name": "Aomori",
"visitors": "5"
},
{
"name": "Kagawa",
"visitors": "5"
},
{
"name": "Chongqing",
"visitors": "4"
},
{
"name": "Hubei",
"visitors": "4"
},
{
"name": "Shaanxi",
"visitors": "4"
},
{
"name": "Miyazaki",
"visitors": "4"
},
{
"name": "Hanoi",
"visitors": "4"
},
{
"name": "Ho Chi Minh City",
"visitors": "4"
},
{
"name": "Anhui",
"visitors": "3"
},
{
"name": "Jiangxi",
"visitors": "3"
},
{
"name": "Gyeonggi",
"visitors": "3"
},
{
"name": "Wallonia",
"visitors": "2"
},
{
"name": "Santa Catarina",
"visitors": "2"
},
{
"name": "Gansu",
"visitors": "2"
},
{
"name": "Guangxi",
"visitors": "2"
},
{
"name": "Berlin",
"visitors": "2"
},
{
"name": "Tsuen Wan New Territories",
"visitors": "2"
},
{
"name": "Karnataka",
"visitors": "2"
},
{
"name": "Maharashtra",
"visitors": "2"
},
{
"name": "Madhya Pradesh",
"visitors": "2"
},
{
"name": "Tottori",
"visitors": "2"
},
{
"name": "Saga",
"visitors": "2"
},
{
"name": "Riga",
"visitors": "2"
},
{
"name": "Quer\u00e9taro",
"visitors": "2"
},
{
"name": "Penang",
"visitors": "2"
},
{
"name": "Bangkok",
"visitors": "2"
},
{
"name": "New Taipei",
"visitors": "2"
},
{
"name": "Colorado",
"visitors": "2"
},
{
"name": "Georgia",
"visitors": "2"
},
{
"name": "Iowa",
"visitors": "2"
},
{
"name": "Virginia",
"visitors": "2"
},
{
"name": "New South Wales",
"visitors": "1"
},
{
"name": "Western Australia",
"visitors": "1"
},
{
"name": "Basel-Stadt",
"visitors": "1"
},
{
"name": "Guizhou",
"visitors": "1"
},
{
"name": "Hebei",
"visitors": "1"
},
{
"name": "Inner Mongolia",
"visitors": "1"
},
{
"name": "Tianjin",
"visitors": "1"
},
{
"name": "Xinjiang",
"visitors": "1"
},
{
"name": "Hesse",
"visitors": "1"
},
{
"name": "North Rhine-Westphalia",
"visitors": "1"
},
{
"name": "Auvergne-Rh\u00f4ne-Alpes",
"visitors": "1"
},
{
"name": "\u00cele-de-France",
"visitors": "1"
},
{
"name": "England",
"visitors": "1"
},
{
"name": "Andhra Pradesh",
"visitors": "1"
},
{
"name": "Delhi",
"visitors": "1"
},
{
"name": "Gujarat",
"visitors": "1"
},
{
"name": "Tamil Nadu",
"visitors": "1"
},
{
"name": "Seoul",
"visitors": "1"
},
{
"name": "North Holland",
"visitors": "1"
},
{
"name": "Province 3",
"visitors": "1"
},
{
"name": "Punjab",
"visitors": "1"
},
{
"name": "Lesser Poland",
"visitors": "1"
},
{
"name": "Moscow",
"visitors": "1"
},
{
"name": "Manouba",
"visitors": "1"
},
{
"name": "Massachusetts",
"visitors": "1"
},
{
"name": "New Jersey",
"visitors": "1"
},
{
"name": "Oregon",
"visitors": "1"
},
{
"name": "Tennessee",
"visitors": "1"
},
{
"name": "Da Nang",
"visitors": "1"
}
]