[
{
"name": "Tokyo",
"visitors": "136"
},
{
"name": "Osaka",
"visitors": "21"
},
{
"name": "Kanagawa",
"visitors": "16"
},
{
"name": "Saitama",
"visitors": "14"
},
{
"name": "Chiba",
"visitors": "12"
},
{
"name": "Aichi",
"visitors": "11"
},
{
"name": "Ibaraki",
"visitors": "6"
},
{
"name": "Hyogo",
"visitors": "6"
},
{
"name": "Hokkaido",
"visitors": "4"
},
{
"name": "Fukuoka",
"visitors": "3"
},
{
"name": "Jiangsu",
"visitors": "2"
},
{
"name": "Maharashtra",
"visitors": "2"
},
{
"name": "Gifu",
"visitors": "2"
},
{
"name": "Shizuoka",
"visitors": "2"
},
{
"name": "Okayama",
"visitors": "2"
},
{
"name": "Hiroshima",
"visitors": "2"
},
{
"name": "Rostov",
"visitors": "2"
},
{
"name": "Hanoi",
"visitors": "2"
},
{
"name": "Beijing",
"visitors": "1"
},
{
"name": "Hunan",
"visitors": "1"
},
{
"name": "Hesse",
"visitors": "1"
},
{
"name": "Miyagi",
"visitors": "1"
},
{
"name": "Akita",
"visitors": "1"
},
{
"name": "Yamagata",
"visitors": "1"
},
{
"name": "Wakayama",
"visitors": "1"
},
{
"name": "Tottori",
"visitors": "1"
},
{
"name": "Yamaguchi",
"visitors": "1"
},
{
"name": "Tokushima",
"visitors": "1"
},
{
"name": "Kumamoto",
"visitors": "1"
},
{
"name": "Oita",
"visitors": "1"
},
{
"name": "Lower Silesia",
"visitors": "1"
},
{
"name": "California",
"visitors": "1"
},
{
"name": "Ho Chi Minh City",
"visitors": "1"
}
]