[
{
"name": "Mazovia",
"visitors": "102"
},
{
"name": "Greater Poland",
"visitors": "53"
},
{
"name": "Lesser Poland",
"visitors": "45"
},
{
"name": "Lower Silesia",
"visitors": "33"
},
{
"name": "Silesia",
"visitors": "28"
},
{
"name": "Pomerania",
"visitors": "22"
},
{
"name": "Lublin",
"visitors": "15"
},
{
"name": "Podlachia",
"visitors": "14"
},
{
"name": "Subcarpathia",
"visitors": "13"
},
{
"name": "\u0141\u00f3d\u017a",
"visitors": "11"
},
{
"name": "Kuyavia-Pomerania",
"visitors": "10"
},
{
"name": "Holy Cross",
"visitors": "7"
},
{
"name": "Warmia-Masuria",
"visitors": "7"
},
{
"name": "Lubusz",
"visitors": "5"
},
{
"name": "Opole",
"visitors": "4"
},
{
"name": "West Pomerania",
"visitors": "4"
},
{
"name": "England",
"visitors": "2"
},
{
"name": "Incheon",
"visitors": "2"
},
{
"name": "North Gyeongsang",
"visitors": "2"
},
{
"name": "Santa Catarina",
"visitors": "1"
},
{
"name": "S\u00e3o Paulo",
"visitors": "1"
},
{
"name": "Minsk",
"visitors": "1"
},
{
"name": "Jiangsu",
"visitors": "1"
},
{
"name": "Havana",
"visitors": "1"
},
{
"name": "Baden-W\u00fcrttemberg",
"visitors": "1"
},
{
"name": "Bavaria",
"visitors": "1"
},
{
"name": "North Rhine-Westphalia",
"visitors": "1"
},
{
"name": "Budapest",
"visitors": "1"
},
{
"name": "Almaty City",
"visitors": "1"
},
{
"name": "Baja California",
"visitors": "1"
},
{
"name": "Porto",
"visitors": "1"
},
{
"name": "Hunedoara",
"visitors": "1"
},
{
"name": "Tatarstan",
"visitors": "1"
},
{
"name": "Kyiv",
"visitors": "1"
},
{
"name": "New Jersey",
"visitors": "1"
}
]