[
{
"name": "Lombardy",
"visitors": "68"
},
{
"name": "Lazio",
"visitors": "48"
},
{
"name": "Veneto",
"visitors": "25"
},
{
"name": "Emilia-Romagna",
"visitors": "24"
},
{
"name": "Campania",
"visitors": "18"
},
{
"name": "Tuscany",
"visitors": "17"
},
{
"name": "Apulia",
"visitors": "17"
},
{
"name": "Piedmont",
"visitors": "13"
},
{
"name": "California",
"visitors": "12"
},
{
"name": "Trentino-South Tyrol",
"visitors": "7"
},
{
"name": "Marche",
"visitors": "7"
},
{
"name": "Liguria",
"visitors": "4"
},
{
"name": "Sardinia",
"visitors": "4"
},
{
"name": "New York",
"visitors": "4"
},
{
"name": "Quebec",
"visitors": "3"
},
{
"name": "Guayas",
"visitors": "3"
},
{
"name": "Normandie",
"visitors": "3"
},
{
"name": "Grand-Est",
"visitors": "2"
},
{
"name": "Jakarta",
"visitors": "2"
},
{
"name": "Umbria",
"visitors": "2"
},
{
"name": "Basilicata",
"visitors": "2"
},
{
"name": "Calabria",
"visitors": "2"
},
{
"name": "Kanagawa",
"visitors": "2"
},
{
"name": "Da Nang",
"visitors": "2"
},
{
"name": "Buenos Aires Province",
"visitors": "1"
},
{
"name": "Hesse",
"visitors": "1"
},
{
"name": "Auvergne-Rh\u00f4ne-Alpes",
"visitors": "1"
},
{
"name": "\u00cele-de-France",
"visitors": "1"
},
{
"name": "Nouvelle-Aquitaine",
"visitors": "1"
},
{
"name": "Friuli\u2013Venezia Giulia",
"visitors": "1"
},
{
"name": "Abruzzo",
"visitors": "1"
},
{
"name": "Sicily",
"visitors": "1"
},
{
"name": "Tokyo",
"visitors": "1"
}
]