[
{
"name": "Milan",
"visitors": "50"
},
{
"name": "Rome",
"visitors": "45"
},
{
"name": "Singapore",
"visitors": "15"
},
{
"name": "Bologna",
"visitors": "15"
},
{
"name": "Turin",
"visitors": "13"
},
{
"name": "Naples",
"visitors": "11"
},
{
"name": "Los Angeles",
"visitors": "11"
},
{
"name": "Bari",
"visitors": "7"
},
{
"name": "Florence",
"visitors": "6"
},
{
"name": "Venice",
"visitors": "5"
},
{
"name": "Padova",
"visitors": "5"
},
{
"name": "Ancona",
"visitors": "5"
},
{
"name": "Trento",
"visitors": "4"
},
{
"name": "New York City",
"visitors": "4"
},
{
"name": "Quettreville-sur-Sienne",
"visitors": "3"
},
{
"name": "Verona",
"visitors": "3"
},
{
"name": "Taranto",
"visitors": "3"
},
{
"name": "Rimini",
"visitors": "3"
},
{
"name": "Reggio nell'Emilia",
"visitors": "3"
},
{
"name": "Castellammare di Stabia",
"visitors": "3"
},
{
"name": "Guayaquil",
"visitors": "3"
},
{
"name": "Montr\u00e9al",
"visitors": "3"
},
{
"name": "Da Nang",
"visitors": "2"
},
{
"name": "Jakarta",
"visitors": "2"
},
{
"name": "Yokohama",
"visitors": "2"
},
{
"name": "Cagliari",
"visitors": "2"
},
{
"name": "Metz",
"visitors": "2"
},
{
"name": "Vittorio Veneto",
"visitors": "2"
},
{
"name": "Signa",
"visitors": "2"
},
{
"name": "Savona",
"visitors": "2"
},
{
"name": "San Vendemiano",
"visitors": "2"
},
{
"name": "San Giuliano Terme",
"visitors": "2"
},
{
"name": "San Bonifacio",
"visitors": "2"
},
{
"name": "Rovigo",
"visitors": "2"
},
{
"name": "Ripi",
"visitors": "2"
},
{
"name": "Portici",
"visitors": "2"
},
{
"name": "Pisa",
"visitors": "2"
},
{
"name": "Parma",
"visitors": "2"
},
{
"name": "Palo del Colle",
"visitors": "2"
},
{
"name": "Nova Milanese",
"visitors": "2"
},
{
"name": "Monza",
"visitors": "2"
},
{
"name": "Molfetta",
"visitors": "2"
},
{
"name": "Lecce",
"visitors": "2"
},
{
"name": "Lauria",
"visitors": "2"
},
{
"name": "Gorgonzola",
"visitors": "2"
},
{
"name": "Genoa",
"visitors": "2"
},
{
"name": "Empoli",
"visitors": "2"
},
{
"name": "Coccaglio",
"visitors": "2"
},
{
"name": "Calliano",
"visitors": "2"
},
{
"name": "Carbonate",
"visitors": "2"
},
{
"name": "Levate",
"visitors": "2"
},
{
"name": "San Giorgio Morgeto",
"visitors": "1"
},
{
"name": "Cosenza",
"visitors": "1"
},
{
"name": "Catania",
"visitors": "1"
},
{
"name": "Frankfurt am Main",
"visitors": "1"
},
{
"name": "Paris",
"visitors": "1"
},
{
"name": "Grenoble",
"visitors": "1"
},
{
"name": "Treviso",
"visitors": "1"
},
{
"name": "Toffia",
"visitors": "1"
},
{
"name": "Terni",
"visitors": "1"
},
{
"name": "Schio",
"visitors": "1"
},
{
"name": "Sassari",
"visitors": "1"
},
{
"name": "Sant'Antimo",
"visitors": "1"
},
{
"name": "San Martino in Rio",
"visitors": "1"
},
{
"name": "Prato",
"visitors": "1"
},
{
"name": "Perugia",
"visitors": "1"
},
{
"name": "Ottaviano",
"visitors": "1"
},
{
"name": "Muggi\u00f2",
"visitors": "1"
},
{
"name": "Montesilvano Marina",
"visitors": "1"
},
{
"name": "Monteprandone",
"visitors": "1"
},
{
"name": "Mogliano Veneto",
"visitors": "1"
},
{
"name": "Marcon-Gaggio-Colmello",
"visitors": "1"
},
{
"name": "Lucca",
"visitors": "1"
},
{
"name": "Lainate",
"visitors": "1"
},
{
"name": "Cuglieri",
"visitors": "1"
},
{
"name": "Cerreto Guidi",
"visitors": "1"
},
{
"name": "Cazzago San Martino-Calino",
"visitors": "1"
},
{
"name": "Castelfidardo",
"visitors": "1"
},
{
"name": "Brugherio",
"visitors": "1"
},
{
"name": "Brescia",
"visitors": "1"
},
{
"name": "Bolzano",
"visitors": "1"
},
{
"name": "Bitonto",
"visitors": "1"
},
{
"name": "Arcore",
"visitors": "1"
},
{
"name": "Pradamano",
"visitors": "1"
},
{
"name": "Quilmes",
"visitors": "1"
},
{
"name": "Sunnyvale",
"visitors": "1"
}
]