[
{
"name": "Tokyo",
"visitors": "132"
},
{
"name": "Osaka",
"visitors": "30"
},
{
"name": "Chiba",
"visitors": "12"
},
{
"name": "Aichi",
"visitors": "9"
},
{
"name": "Kanagawa",
"visitors": "8"
},
{
"name": "Hokkaido",
"visitors": "6"
},
{
"name": "Saitama",
"visitors": "6"
},
{
"name": "Kyoto",
"visitors": "6"
},
{
"name": "Shizuoka",
"visitors": "4"
},
{
"name": "Hyogo",
"visitors": "4"
},
{
"name": "Ibaraki",
"visitors": "3"
},
{
"name": "Toyama",
"visitors": "3"
},
{
"name": "Tokushima",
"visitors": "3"
},
{
"name": "Zhejiang",
"visitors": "2"
},
{
"name": "Ishikawa",
"visitors": "2"
},
{
"name": "Kagoshima",
"visitors": "2"
},
{
"name": "Seoul",
"visitors": "2"
},
{
"name": "New Jersey",
"visitors": "2"
},
{
"name": "Buenos Aires Province",
"visitors": "1"
},
{
"name": "Hubei",
"visitors": "1"
},
{
"name": "Karnataka",
"visitors": "1"
},
{
"name": "Aomori",
"visitors": "1"
},
{
"name": "Gifu",
"visitors": "1"
},
{
"name": "Tottori",
"visitors": "1"
},
{
"name": "Fukuoka",
"visitors": "1"
},
{
"name": "Nagasaki",
"visitors": "1"
},
{
"name": "Kumamoto",
"visitors": "1"
},
{
"name": "Oita",
"visitors": "1"
},
{
"name": "Okinawa",
"visitors": "1"
},
{
"name": "Al Asimah",
"visitors": "1"
},
{
"name": "Canterbury",
"visitors": "1"
},
{
"name": "Bucharest",
"visitors": "1"
},
{
"name": "California",
"visitors": "1"
},
{
"name": "Ho Chi Minh City",
"visitors": "1"
}
]