[
{
"name": "Lombardy",
"visitors": "74"
},
{
"name": "Lazio",
"visitors": "48"
},
{
"name": "Emilia-Romagna",
"visitors": "29"
},
{
"name": "Campania",
"visitors": "24"
},
{
"name": "Veneto",
"visitors": "19"
},
{
"name": "Apulia",
"visitors": "18"
},
{
"name": "Sicily",
"visitors": "15"
},
{
"name": "Piedmont",
"visitors": "11"
},
{
"name": "Tuscany",
"visitors": "11"
},
{
"name": "Marche",
"visitors": "9"
},
{
"name": "Umbria",
"visitors": "5"
},
{
"name": "Abruzzo",
"visitors": "5"
},
{
"name": "Hebei",
"visitors": "4"
},
{
"name": "Madrid Autonomous Community",
"visitors": "4"
},
{
"name": "Telang\u0101na",
"visitors": "4"
},
{
"name": "Trentino-South Tyrol",
"visitors": "4"
},
{
"name": "Liguria",
"visitors": "4"
},
{
"name": "Bavaria",
"visitors": "2"
},
{
"name": "Hesse",
"visitors": "2"
},
{
"name": "Hamburg",
"visitors": "2"
},
{
"name": "North Rhine-Westphalia",
"visitors": "2"
},
{
"name": "Budapest",
"visitors": "2"
},
{
"name": "North Sulawesi",
"visitors": "2"
},
{
"name": "Friuli\u2013Venezia Giulia",
"visitors": "2"
},
{
"name": "Calabria",
"visitors": "2"
},
{
"name": "Jalisco",
"visitors": "2"
},
{
"name": "South Holland",
"visitors": "2"
},
{
"name": "California",
"visitors": "2"
},
{
"name": "Flanders",
"visitors": "1"
},
{
"name": "Quebec",
"visitors": "1"
},
{
"name": "Shandong",
"visitors": "1"
},
{
"name": "East Java",
"visitors": "1"
},
{
"name": "Jakarta",
"visitors": "1"
},
{
"name": "Sardinia",
"visitors": "1"
},
{
"name": "Tokyo",
"visitors": "1"
},
{
"name": "Akmola",
"visitors": "1"
},
{
"name": "Hanoi",
"visitors": "1"
}
]