[
{
"name": "Lombardy",
"visitors": "26"
},
{
"name": "Lazio",
"visitors": "26"
},
{
"name": "Veneto",
"visitors": "11"
},
{
"name": "Piedmont",
"visitors": "9"
},
{
"name": "Campania",
"visitors": "9"
},
{
"name": "Emilia-Romagna",
"visitors": "7"
},
{
"name": "Tuscany",
"visitors": "7"
},
{
"name": "Liguria",
"visitors": "4"
},
{
"name": "Apulia",
"visitors": "4"
},
{
"name": "Sicily",
"visitors": "4"
},
{
"name": "Abruzzo",
"visitors": "3"
},
{
"name": "Baden-W\u00fcrttemberg",
"visitors": "2"
},
{
"name": "\u00cele-de-France",
"visitors": "2"
},
{
"name": "Trentino-South Tyrol",
"visitors": "2"
},
{
"name": "Sardinia",
"visitors": "2"
},
{
"name": "Panam\u00e1",
"visitors": "2"
},
{
"name": "California",
"visitors": "2"
},
{
"name": "Cochabamba",
"visitors": "1"
},
{
"name": "Ontario",
"visitors": "1"
},
{
"name": "Henan",
"visitors": "1"
},
{
"name": "Bavaria",
"visitors": "1"
},
{
"name": "Andalusia",
"visitors": "1"
},
{
"name": "Catalonia",
"visitors": "1"
},
{
"name": "Uusimaa",
"visitors": "1"
},
{
"name": "East Java",
"visitors": "1"
},
{
"name": "Friuli\u2013Venezia Giulia",
"visitors": "1"
},
{
"name": "Calabria",
"visitors": "1"
},
{
"name": "Moscow",
"visitors": "1"
},
{
"name": "Saint Petersburg",
"visitors": "1"
},
{
"name": "Lvivshchyna",
"visitors": "1"
},
{
"name": "Indiana",
"visitors": "1"
},
{
"name": "Nebraska",
"visitors": "1"
},
{
"name": "New Jersey",
"visitors": "1"
},
{
"name": "Ho Chi Minh City",
"visitors": "1"
}
]