[
{
"name": "Tokyo",
"visitors": "139"
},
{
"name": "Osaka",
"visitors": "35"
},
{
"name": "Kanagawa",
"visitors": "18"
},
{
"name": "Saitama",
"visitors": "8"
},
{
"name": "Aichi",
"visitors": "8"
},
{
"name": "Hyogo",
"visitors": "8"
},
{
"name": "Ibaraki",
"visitors": "4"
},
{
"name": "Tochigi",
"visitors": "4"
},
{
"name": "Gunma",
"visitors": "4"
},
{
"name": "Chiba",
"visitors": "4"
},
{
"name": "Nagano",
"visitors": "3"
},
{
"name": "Shizuoka",
"visitors": "3"
},
{
"name": "Shiga",
"visitors": "3"
},
{
"name": "Kyoto",
"visitors": "3"
},
{
"name": "Fukuoka",
"visitors": "3"
},
{
"name": "Dubai",
"visitors": "2"
},
{
"name": "Hokkaido",
"visitors": "2"
},
{
"name": "Niigata",
"visitors": "2"
},
{
"name": "Ishikawa",
"visitors": "2"
},
{
"name": "Nara",
"visitors": "2"
},
{
"name": "Hiroshima",
"visitors": "2"
},
{
"name": "Nuevo Le\u00f3n",
"visitors": "2"
},
{
"name": "Santa Cruz",
"visitors": "1"
},
{
"name": "Baden-W\u00fcrttemberg",
"visitors": "1"
},
{
"name": "Provence-Alpes-C\u00f4te-d'Azur",
"visitors": "1"
},
{
"name": "Miyagi",
"visitors": "1"
},
{
"name": "Fukushima",
"visitors": "1"
},
{
"name": "Nagasaki",
"visitors": "1"
},
{
"name": "Bangkok",
"visitors": "1"
}
]