[
{
"name": "Mazovia",
"visitors": "50"
},
{
"name": "Lesser Poland",
"visitors": "16"
},
{
"name": "Silesia",
"visitors": "15"
},
{
"name": "Greater Poland",
"visitors": "14"
},
{
"name": "Lower Silesia",
"visitors": "9"
},
{
"name": "Pomerania",
"visitors": "9"
},
{
"name": "Subcarpathia",
"visitors": "7"
},
{
"name": "\u0141\u00f3d\u017a",
"visitors": "6"
},
{
"name": "Lubusz",
"visitors": "5"
},
{
"name": "England",
"visitors": "4"
},
{
"name": "Kuyavia-Pomerania",
"visitors": "4"
},
{
"name": "Holy Cross",
"visitors": "4"
},
{
"name": "West Pomerania",
"visitors": "4"
},
{
"name": "Pernambuco",
"visitors": "2"
},
{
"name": "Agder",
"visitors": "2"
},
{
"name": "Opole",
"visitors": "2"
},
{
"name": "Warmia-Masuria",
"visitors": "2"
},
{
"name": "Leningrad",
"visitors": "2"
},
{
"name": "Moscow",
"visitors": "2"
},
{
"name": "Aargau",
"visitors": "1"
},
{
"name": "Guangdong",
"visitors": "1"
},
{
"name": "Tianjin",
"visitors": "1"
},
{
"name": "Lower Saxony",
"visitors": "1"
},
{
"name": "Rhineland-Palatinate",
"visitors": "1"
},
{
"name": "Seoul",
"visitors": "1"
},
{
"name": "Utrecht",
"visitors": "1"
},
{
"name": "Lublin",
"visitors": "1"
},
{
"name": "Podlachia",
"visitors": "1"
},
{
"name": "Pennsylvania",
"visitors": "1"
},
{
"name": "Virginia",
"visitors": "1"
},
{
"name": "Tashkent",
"visitors": "1"
}
]