[
{
"name": "Lombardy",
"visitors": "59"
},
{
"name": "Lazio",
"visitors": "42"
},
{
"name": "Hebei",
"visitors": "28"
},
{
"name": "Piedmont",
"visitors": "17"
},
{
"name": "Emilia-Romagna",
"visitors": "17"
},
{
"name": "Campania",
"visitors": "16"
},
{
"name": "Veneto",
"visitors": "12"
},
{
"name": "Tuscany",
"visitors": "10"
},
{
"name": "Sicily",
"visitors": "10"
},
{
"name": "Marche",
"visitors": "8"
},
{
"name": "Apulia",
"visitors": "8"
},
{
"name": "Henan",
"visitors": "5"
},
{
"name": "Shandong",
"visitors": "5"
},
{
"name": "Friuli\u2013Venezia Giulia",
"visitors": "5"
},
{
"name": "Liguria",
"visitors": "5"
},
{
"name": "Abruzzo",
"visitors": "5"
},
{
"name": "Wallonia",
"visitors": "2"
},
{
"name": "Ticino",
"visitors": "2"
},
{
"name": "Guizhou",
"visitors": "2"
},
{
"name": "Jilin",
"visitors": "2"
},
{
"name": "Shanghai",
"visitors": "2"
},
{
"name": "Provence-Alpes-C\u00f4te-d'Azur",
"visitors": "2"
},
{
"name": "Gujarat",
"visitors": "2"
},
{
"name": "Nineveh",
"visitors": "2"
},
{
"name": "Calabria",
"visitors": "2"
},
{
"name": "Sardinia",
"visitors": "2"
},
{
"name": "Yamaguchi",
"visitors": "2"
},
{
"name": "Virginia",
"visitors": "2"
},
{
"name": "S\u00e3o Paulo",
"visitors": "1"
},
{
"name": "Basel-Stadt",
"visitors": "1"
},
{
"name": "Z\u00fcrich",
"visitors": "1"
},
{
"name": "Anhui",
"visitors": "1"
},
{
"name": "Guangdong",
"visitors": "1"
},
{
"name": "Gansu",
"visitors": "1"
},
{
"name": "Guangxi",
"visitors": "1"
},
{
"name": "Hubei",
"visitors": "1"
},
{
"name": "Liaoning",
"visitors": "1"
},
{
"name": "Shanxi",
"visitors": "1"
},
{
"name": "Tianjin",
"visitors": "1"
},
{
"name": "Hradec Kr\u00e1lov\u00e9",
"visitors": "1"
},
{
"name": "Rhineland-Palatinate",
"visitors": "1"
},
{
"name": "Algiers",
"visitors": "1"
},
{
"name": "Catalonia",
"visitors": "1"
},
{
"name": "Uusimaa",
"visitors": "1"
},
{
"name": "\u00cele-de-France",
"visitors": "1"
},
{
"name": "England",
"visitors": "1"
},
{
"name": "Telang\u0101na",
"visitors": "1"
},
{
"name": "Tokyo",
"visitors": "1"
},
{
"name": "Kanagawa",
"visitors": "1"
},
{
"name": "Gifu",
"visitors": "1"
},
{
"name": "North Holland",
"visitors": "1"
},
{
"name": "Province 3",
"visitors": "1"
},
{
"name": "Kurgan",
"visitors": "1"
},
{
"name": "San Marino",
"visitors": "1"
},
{
"name": "California",
"visitors": "1"
},
{
"name": "Colorado",
"visitors": "1"
},
{
"name": "New York",
"visitors": "1"
},
{
"name": "Oregon",
"visitors": "1"
},
{
"name": "Ho Chi Minh City",
"visitors": "1"
}
]