[
{
"name": "Rome",
"visitors": "39"
},
{
"name": "Milan",
"visitors": "36"
},
{
"name": "Singapore",
"visitors": "16"
},
{
"name": "Turin",
"visitors": "14"
},
{
"name": "Naples",
"visitors": "8"
},
{
"name": "Bologna",
"visitors": "8"
},
{
"name": "Palermo",
"visitors": "5"
},
{
"name": "Monza",
"visitors": "4"
},
{
"name": "Florence",
"visitors": "4"
},
{
"name": "Trieste",
"visitors": "3"
},
{
"name": "Pescara",
"visitors": "3"
},
{
"name": "Jesi",
"visitors": "3"
},
{
"name": "Genoa",
"visitors": "3"
},
{
"name": "Brescia",
"visitors": "3"
},
{
"name": "Mosul",
"visitors": "2"
},
{
"name": "Ahmedabad",
"visitors": "2"
},
{
"name": "Zhengzhou",
"visitors": "2"
},
{
"name": "Shijiazhuang",
"visitors": "2"
},
{
"name": "Shanghai",
"visitors": "2"
},
{
"name": "Ube",
"visitors": "2"
},
{
"name": "San Giovanni la Punta",
"visitors": "2"
},
{
"name": "Paola",
"visitors": "2"
},
{
"name": "Cagliari",
"visitors": "2"
},
{
"name": "Lugano",
"visitors": "2"
},
{
"name": "Chaumont-Gistoux",
"visitors": "2"
},
{
"name": "Udine",
"visitors": "2"
},
{
"name": "Somma Vesuviana",
"visitors": "2"
},
{
"name": "Santo Stefano di Magra",
"visitors": "2"
},
{
"name": "San Benedetto del Tronto",
"visitors": "2"
},
{
"name": "Salzano",
"visitors": "2"
},
{
"name": "Reggio nell'Emilia",
"visitors": "2"
},
{
"name": "Pistoia",
"visitors": "2"
},
{
"name": "Parma",
"visitors": "2"
},
{
"name": "Paderno Dugnano",
"visitors": "2"
},
{
"name": "Orio al Serio",
"visitors": "2"
},
{
"name": "Monzambano",
"visitors": "2"
},
{
"name": "Modugno",
"visitors": "2"
},
{
"name": "Modena",
"visitors": "2"
},
{
"name": "Marcianise",
"visitors": "2"
},
{
"name": "Cerro Maggiore",
"visitors": "2"
},
{
"name": "Camerano",
"visitors": "2"
},
{
"name": "Calci",
"visitors": "2"
},
{
"name": "Bassano del Grappa",
"visitors": "2"
},
{
"name": "Barletta",
"visitors": "2"
},
{
"name": "Bari",
"visitors": "2"
},
{
"name": "Santa Lucia di Piave",
"visitors": "2"
},
{
"name": "Ashburn",
"visitors": "2"
},
{
"name": "Hyderabad",
"visitors": "1"
},
{
"name": "Kathmandu",
"visitors": "1"
},
{
"name": "Shadrinsk",
"visitors": "1"
},
{
"name": "Ho Chi Minh City",
"visitors": "1"
},
{
"name": "Wuhan",
"visitors": "1"
},
{
"name": "Tianjin",
"visitors": "1"
},
{
"name": "Taiyuan",
"visitors": "1"
},
{
"name": "Qingdao",
"visitors": "1"
},
{
"name": "Nanning",
"visitors": "1"
},
{
"name": "Lanzhou",
"visitors": "1"
},
{
"name": "Hefei",
"visitors": "1"
},
{
"name": "Guangzhou",
"visitors": "1"
},
{
"name": "Dalian",
"visitors": "1"
},
{
"name": "Yokohama",
"visitors": "1"
},
{
"name": "Tokyo",
"visitors": "1"
},
{
"name": "N/A",
"visitors": "1"
},
{
"name": "Changchun",
"visitors": "1"
},
{
"name": "Bordj el Kiffan",
"visitors": "1"
},
{
"name": "Riposto",
"visitors": "1"
},
{
"name": "Catania",
"visitors": "1"
},
{
"name": "Acireale",
"visitors": "1"
},
{
"name": "Salisbury",
"visitors": "1"
},
{
"name": "Pfaffhausen",
"visitors": "1"
},
{
"name": "Amsterdam",
"visitors": "1"
},
{
"name": "Trier",
"visitors": "1"
},
{
"name": "Paris",
"visitors": "1"
},
{
"name": "Hradec Kr\u00e1lov\u00e9",
"visitors": "1"
},
{
"name": "Lleida",
"visitors": "1"
},
{
"name": "Viterbo",
"visitors": "1"
},
{
"name": "Viareggio",
"visitors": "1"
},
{
"name": "Usmate-Velate",
"visitors": "1"
},
{
"name": "Sant'Egidio alla Vibrata",
"visitors": "1"
},
{
"name": "Santarcangelo",
"visitors": "1"
},
{
"name": "Sant'Anastasia",
"visitors": "1"
},
{
"name": "San Marino",
"visitors": "1"
},
{
"name": "Ros\u00e0",
"visitors": "1"
},
{
"name": "Pozzuoli",
"visitors": "1"
},
{
"name": "Pomezia",
"visitors": "1"
},
{
"name": "Montesilvano Marina",
"visitors": "1"
},
{
"name": "Monselice",
"visitors": "1"
},
{
"name": "Misano Adriatico",
"visitors": "1"
},
{
"name": "Mercato San Severino",
"visitors": "1"
},
{
"name": "Marostica",
"visitors": "1"
},
{
"name": "Limatola",
"visitors": "1"
},
{
"name": "Laveno",
"visitors": "1"
},
{
"name": "Giaveno",
"visitors": "1"
},
{
"name": "Empoli",
"visitors": "1"
},
{
"name": "Cuneo",
"visitors": "1"
},
{
"name": "Cesena",
"visitors": "1"
},
{
"name": "Borgomanero",
"visitors": "1"
},
{
"name": "Ancona",
"visitors": "1"
},
{
"name": "Alatri",
"visitors": "1"
},
{
"name": "Ourinhos",
"visitors": "1"
},
{
"name": "New York City",
"visitors": "1"
},
{
"name": "Los Angeles",
"visitors": "1"
},
{
"name": "Denver",
"visitors": "1"
},
{
"name": "The Dalles",
"visitors": "1"
},
{
"name": "San Giorgio delle Pertiche",
"visitors": "1"
},
{
"name": "Kani",
"visitors": "1"
}
]