[
{
"name": "Rome",
"visitors": "19"
},
{
"name": "Singapore",
"visitors": "12"
},
{
"name": "Naples",
"visitors": "10"
},
{
"name": "Milan",
"visitors": "10"
},
{
"name": "Florence",
"visitors": "8"
},
{
"name": "Bologna",
"visitors": "8"
},
{
"name": "Turin",
"visitors": "5"
},
{
"name": "Palermo",
"visitors": "3"
},
{
"name": "Verona",
"visitors": "3"
},
{
"name": "Teramo",
"visitors": "3"
},
{
"name": "Taranto",
"visitors": "3"
},
{
"name": "Padova",
"visitors": "3"
},
{
"name": "Manama",
"visitors": "2"
},
{
"name": "Bengaluru",
"visitors": "2"
},
{
"name": "N/A",
"visitors": "2"
},
{
"name": "Vibo Valentia",
"visitors": "2"
},
{
"name": "Jena",
"visitors": "2"
},
{
"name": "Frankfurt am Main",
"visitors": "2"
},
{
"name": "Paris",
"visitors": "2"
},
{
"name": "Treviso",
"visitors": "2"
},
{
"name": "Sassari",
"visitors": "2"
},
{
"name": "Santeramo in Colle",
"visitors": "2"
},
{
"name": "Salerno",
"visitors": "2"
},
{
"name": "Perugia",
"visitors": "2"
},
{
"name": "Monza",
"visitors": "2"
},
{
"name": "Isernia",
"visitors": "2"
},
{
"name": "Cormano",
"visitors": "2"
},
{
"name": "Como",
"visitors": "2"
},
{
"name": "Brescia",
"visitors": "2"
},
{
"name": "Bovisio-Masciago",
"visitors": "2"
},
{
"name": "Alessandria",
"visitors": "2"
},
{
"name": "Gatteo-Sant'Angelo",
"visitors": "2"
},
{
"name": "Spinea-Orgnano",
"visitors": "2"
},
{
"name": "Brusaporto",
"visitors": "2"
},
{
"name": "Jakarta",
"visitors": "1"
},
{
"name": "Wuxi",
"visitors": "1"
},
{
"name": "Shanghai",
"visitors": "1"
},
{
"name": "Huzhou",
"visitors": "1"
},
{
"name": "Changchun",
"visitors": "1"
},
{
"name": "Ma\u00f3",
"visitors": "1"
},
{
"name": "Biancavilla",
"visitors": "1"
},
{
"name": "F\u00e8s",
"visitors": "1"
},
{
"name": "Saint-Nicolas",
"visitors": "1"
},
{
"name": "Saint-Malo",
"visitors": "1"
},
{
"name": "Chorz\u00f3w",
"visitors": "1"
},
{
"name": "Trezzo sull'Adda",
"visitors": "1"
},
{
"name": "Trento",
"visitors": "1"
},
{
"name": "Torre Annunziata",
"visitors": "1"
},
{
"name": "San Michele Salentino",
"visitors": "1"
},
{
"name": "San Maurizio",
"visitors": "1"
},
{
"name": "Reggiolo",
"visitors": "1"
},
{
"name": "Pescara",
"visitors": "1"
},
{
"name": "Parma",
"visitors": "1"
},
{
"name": "Ferrara",
"visitors": "1"
},
{
"name": "Caserta",
"visitors": "1"
},
{
"name": "Bari",
"visitors": "1"
},
{
"name": "Ascoli Piceno",
"visitors": "1"
},
{
"name": "Alzano Lombardo",
"visitors": "1"
},
{
"name": "Lamezia Terme",
"visitors": "1"
}
]