[
{
"name": "Tokyo",
"visitors": "30"
},
{
"name": "Kanagawa",
"visitors": "12"
},
{
"name": "Aichi",
"visitors": "7"
},
{
"name": "Saitama",
"visitors": "6"
},
{
"name": "Osaka",
"visitors": "6"
},
{
"name": "Chiba",
"visitors": "5"
},
{
"name": "Shizuoka",
"visitors": "4"
},
{
"name": "Hyogo",
"visitors": "3"
},
{
"name": "Kyoto",
"visitors": "2"
},
{
"name": "Nara",
"visitors": "2"
},
{
"name": "Saint Petersburg",
"visitors": "2"
},
{
"name": "Rio de Janeiro",
"visitors": "1"
},
{
"name": "Sichuan",
"visitors": "1"
},
{
"name": "England",
"visitors": "1"
},
{
"name": "Hokkaido",
"visitors": "1"
},
{
"name": "Iwate",
"visitors": "1"
},
{
"name": "Ibaraki",
"visitors": "1"
},
{
"name": "Tochigi",
"visitors": "1"
},
{
"name": "Niigata",
"visitors": "1"
},
{
"name": "Toyama",
"visitors": "1"
},
{
"name": "Nagano",
"visitors": "1"
},
{
"name": "Shiga",
"visitors": "1"
},
{
"name": "Okayama",
"visitors": "1"
},
{
"name": "Hiroshima",
"visitors": "1"
},
{
"name": "Yamaguchi",
"visitors": "1"
},
{
"name": "Fukuoka",
"visitors": "1"
},
{
"name": "Okinawa",
"visitors": "1"
},
{
"name": "Sinaloa",
"visitors": "1"
},
{
"name": "California",
"visitors": "1"
},
{
"name": "Georgia",
"visitors": "1"
}
]