[
{
"name": "Tokyo",
"visitors": "2160"
},
{
"name": "Osaka",
"visitors": "475"
},
{
"name": "Kanagawa",
"visitors": "306"
},
{
"name": "Aichi",
"visitors": "208"
},
{
"name": "Chiba",
"visitors": "199"
},
{
"name": "Saitama",
"visitors": "177"
},
{
"name": "Hyogo",
"visitors": "111"
},
{
"name": "Kyoto",
"visitors": "109"
},
{
"name": "Fukuoka",
"visitors": "87"
},
{
"name": "Hokkaido",
"visitors": "77"
},
{
"name": "Ibaraki",
"visitors": "56"
},
{
"name": "Shizuoka",
"visitors": "40"
},
{
"name": "Hiroshima",
"visitors": "32"
},
{
"name": "Miyagi",
"visitors": "30"
},
{
"name": "Okayama",
"visitors": "27"
},
{
"name": "Tochigi",
"visitors": "22"
},
{
"name": "Niigata",
"visitors": "22"
},
{
"name": "Nagano",
"visitors": "22"
},
{
"name": "Ishikawa",
"visitors": "21"
},
{
"name": "Mie",
"visitors": "21"
},
{
"name": "Gunma",
"visitors": "19"
},
{
"name": "Ehime",
"visitors": "19"
},
{
"name": "Fukushima",
"visitors": "18"
},
{
"name": "Guangdong",
"visitors": "17"
},
{
"name": "Tokushima",
"visitors": "17"
},
{
"name": "Fukui",
"visitors": "15"
},
{
"name": "Miyazaki",
"visitors": "15"
},
{
"name": "Gifu",
"visitors": "14"
},
{
"name": "Shandong",
"visitors": "13"
},
{
"name": "Kagoshima",
"visitors": "13"
},
{
"name": "Nara",
"visitors": "12"
},
{
"name": "Nagasaki",
"visitors": "12"
},
{
"name": "Kumamoto",
"visitors": "12"
},
{
"name": "Henan",
"visitors": "10"
},
{
"name": "Yamagata",
"visitors": "10"
},
{
"name": "Kagawa",
"visitors": "10"
},
{
"name": "England",
"visitors": "9"
},
{
"name": "Aomori",
"visitors": "9"
},
{
"name": "Toyama",
"visitors": "9"
},
{
"name": "Jiangsu",
"visitors": "8"
},
{
"name": "Sichuan",
"visitors": "8"
},
{
"name": "Shanghai",
"visitors": "8"
},
{
"name": "Yamaguchi",
"visitors": "8"
},
{
"name": "Wakayama",
"visitors": "7"
},
{
"name": "Shimane",
"visitors": "7"
},
{
"name": "Oita",
"visitors": "7"
},
{
"name": "Okinawa",
"visitors": "7"
},
{
"name": "California",
"visitors": "7"
},
{
"name": "Zhejiang",
"visitors": "6"
},
{
"name": "Iwate",
"visitors": "6"
},
{
"name": "Tottori",
"visitors": "6"
},
{
"name": "Guangxi",
"visitors": "5"
},
{
"name": "Hebei",
"visitors": "5"
},
{
"name": "Akita",
"visitors": "5"
},
{
"name": "Yamanashi",
"visitors": "5"
},
{
"name": "Shiga",
"visitors": "5"
},
{
"name": "Kochi",
"visitors": "5"
},
{
"name": "Ho Chi Minh City",
"visitors": "5"
},
{
"name": "Beijing",
"visitors": "4"
},
{
"name": "Hunan",
"visitors": "4"
},
{
"name": "Liaoning",
"visitors": "4"
},
{
"name": "Tianjin",
"visitors": "4"
},
{
"name": "Saga",
"visitors": "4"
},
{
"name": "Anhui",
"visitors": "3"
},
{
"name": "Chongqing",
"visitors": "3"
},
{
"name": "Guizhou",
"visitors": "3"
},
{
"name": "Hubei",
"visitors": "3"
},
{
"name": "Shaanxi",
"visitors": "3"
},
{
"name": "\u00cele-de-France",
"visitors": "3"
},
{
"name": "Mazovia",
"visitors": "3"
},
{
"name": "Texas",
"visitors": "3"
},
{
"name": "Brussels",
"visitors": "2"
},
{
"name": "Fujian",
"visitors": "2"
},
{
"name": "Gansu",
"visitors": "2"
},
{
"name": "Xinjiang",
"visitors": "2"
},
{
"name": "Yunnan",
"visitors": "2"
},
{
"name": "Hesse",
"visitors": "2"
},
{
"name": "Pichincha",
"visitors": "2"
},
{
"name": "Kwai Tsing New Territories",
"visitors": "2"
},
{
"name": "Sha Tin New Territories",
"visitors": "2"
},
{
"name": "Haryana",
"visitors": "2"
},
{
"name": "Tamil Nadu",
"visitors": "2"
},
{
"name": "Telang\u0101na",
"visitors": "2"
},
{
"name": "Lombardy",
"visitors": "2"
},
{
"name": "Uasin Gishu",
"visitors": "2"
},
{
"name": "Seoul",
"visitors": "2"
},
{
"name": "Bangkok",
"visitors": "2"
},
{
"name": "Chiang Mai",
"visitors": "2"
},
{
"name": "New York",
"visitors": "2"
},
{
"name": "Oregon",
"visitors": "2"
},
{
"name": "Washington",
"visitors": "2"
},
{
"name": "Buenos Aires",
"visitors": "1"
},
{
"name": "New South Wales",
"visitors": "1"
},
{
"name": "Queensland",
"visitors": "1"
},
{
"name": "Jiangxi",
"visitors": "1"
},
{
"name": "Inner Mongolia",
"visitors": "1"
},
{
"name": "Shanxi",
"visitors": "1"
},
{
"name": "Skikda",
"visitors": "1"
},
{
"name": "Alexandria",
"visitors": "1"
},
{
"name": "Uusimaa",
"visitors": "1"
},
{
"name": "Auvergne-Rh\u00f4ne-Alpes",
"visitors": "1"
},
{
"name": "Jakarta",
"visitors": "1"
},
{
"name": "Central Java",
"visitors": "1"
},
{
"name": "North Jeolla",
"visitors": "1"
},
{
"name": "Aguascalientes",
"visitors": "1"
},
{
"name": "Nuevo Le\u00f3n",
"visitors": "1"
},
{
"name": "North Holland",
"visitors": "1"
},
{
"name": "Krasnodar Krai",
"visitors": "1"
},
{
"name": "Sverdlovsk",
"visitors": "1"
},
{
"name": "Riyadh",
"visitors": "1"
},
{
"name": "Diyarbak\u0131r",
"visitors": "1"
},
{
"name": "Kaohsiung",
"visitors": "1"
},
{
"name": "Taipei",
"visitors": "1"
},
{
"name": "Illinois",
"visitors": "1"
},
{
"name": "Missouri",
"visitors": "1"
},
{
"name": "Hanoi",
"visitors": "1"
}
]