[
{
"name": "Tokyo",
"visitors": "137"
},
{
"name": "Osaka",
"visitors": "24"
},
{
"name": "Kanagawa",
"visitors": "14"
},
{
"name": "Saitama",
"visitors": "12"
},
{
"name": "Chiba",
"visitors": "12"
},
{
"name": "Aichi",
"visitors": "12"
},
{
"name": "Kyoto",
"visitors": "5"
},
{
"name": "Hyogo",
"visitors": "4"
},
{
"name": "Fukuoka",
"visitors": "4"
},
{
"name": "Saga",
"visitors": "4"
},
{
"name": "Incheon",
"visitors": "4"
},
{
"name": "Hokkaido",
"visitors": "3"
},
{
"name": "Nagano",
"visitors": "3"
},
{
"name": "Shizuoka",
"visitors": "3"
},
{
"name": "Iwate",
"visitors": "2"
},
{
"name": "Niigata",
"visitors": "2"
},
{
"name": "Gifu",
"visitors": "2"
},
{
"name": "Okayama",
"visitors": "2"
},
{
"name": "Guangdong",
"visitors": "1"
},
{
"name": "Shanghai",
"visitors": "1"
},
{
"name": "Lower Saxony",
"visitors": "1"
},
{
"name": "Delhi",
"visitors": "1"
},
{
"name": "Miyagi",
"visitors": "1"
},
{
"name": "Akita",
"visitors": "1"
},
{
"name": "Fukushima",
"visitors": "1"
},
{
"name": "Ibaraki",
"visitors": "1"
},
{
"name": "Fukui",
"visitors": "1"
},
{
"name": "Wakayama",
"visitors": "1"
},
{
"name": "Shimane",
"visitors": "1"
},
{
"name": "Tokushima",
"visitors": "1"
},
{
"name": "Ehime",
"visitors": "1"
},
{
"name": "Miyazaki",
"visitors": "1"
},
{
"name": "New Jersey",
"visitors": "1"
},
{
"name": "Ho Chi Minh City",
"visitors": "1"
}
]