[
{
"name": "Tokyo",
"visitors": "593"
},
{
"name": "Kanagawa",
"visitors": "194"
},
{
"name": "Osaka",
"visitors": "157"
},
{
"name": "Saitama",
"visitors": "123"
},
{
"name": "Chiba",
"visitors": "87"
},
{
"name": "Aichi",
"visitors": "71"
},
{
"name": "Kyoto",
"visitors": "55"
},
{
"name": "Hyogo",
"visitors": "54"
},
{
"name": "Fukuoka",
"visitors": "49"
},
{
"name": "Hokkaido",
"visitors": "31"
},
{
"name": "Hiroshima",
"visitors": "30"
},
{
"name": "Shizuoka",
"visitors": "29"
},
{
"name": "Guangdong",
"visitors": "21"
},
{
"name": "Ibaraki",
"visitors": "21"
},
{
"name": "Miyagi",
"visitors": "20"
},
{
"name": "Hebei",
"visitors": "19"
},
{
"name": "Tochigi",
"visitors": "18"
},
{
"name": "Nagano",
"visitors": "16"
},
{
"name": "Gifu",
"visitors": "15"
},
{
"name": "Niigata",
"visitors": "13"
},
{
"name": "Fukushima",
"visitors": "11"
},
{
"name": "Okayama",
"visitors": "11"
},
{
"name": "Oita",
"visitors": "11"
},
{
"name": "Okinawa",
"visitors": "11"
},
{
"name": "Shandong",
"visitors": "10"
},
{
"name": "Ishikawa",
"visitors": "10"
},
{
"name": "Nara",
"visitors": "10"
},
{
"name": "Ehime",
"visitors": "10"
},
{
"name": "Jiangsu",
"visitors": "9"
},
{
"name": "Gunma",
"visitors": "9"
},
{
"name": "Mie",
"visitors": "9"
},
{
"name": "Liaoning",
"visitors": "8"
},
{
"name": "Fukui",
"visitors": "8"
},
{
"name": "Zhejiang",
"visitors": "7"
},
{
"name": "Akita",
"visitors": "7"
},
{
"name": "Nagasaki",
"visitors": "7"
},
{
"name": "Kumamoto",
"visitors": "7"
},
{
"name": "Beijing",
"visitors": "6"
},
{
"name": "Henan",
"visitors": "6"
},
{
"name": "Sichuan",
"visitors": "6"
},
{
"name": "Shanghai",
"visitors": "6"
},
{
"name": "Hubei",
"visitors": "5"
},
{
"name": "Yamagata",
"visitors": "5"
},
{
"name": "Shiga",
"visitors": "5"
},
{
"name": "Fujian",
"visitors": "4"
},
{
"name": "Tottori",
"visitors": "4"
},
{
"name": "Shimane",
"visitors": "4"
},
{
"name": "Saga",
"visitors": "4"
},
{
"name": "Anhui",
"visitors": "3"
},
{
"name": "Chongqing",
"visitors": "3"
},
{
"name": "Guangxi",
"visitors": "3"
},
{
"name": "Hunan",
"visitors": "3"
},
{
"name": "Shanxi",
"visitors": "3"
},
{
"name": "Tamil Nadu",
"visitors": "3"
},
{
"name": "Iwate",
"visitors": "3"
},
{
"name": "Yamanashi",
"visitors": "3"
},
{
"name": "Wakayama",
"visitors": "3"
},
{
"name": "Yamaguchi",
"visitors": "3"
},
{
"name": "Kagoshima",
"visitors": "3"
},
{
"name": "Queensland",
"visitors": "2"
},
{
"name": "Z\u00fcrich",
"visitors": "2"
},
{
"name": "Shaanxi",
"visitors": "2"
},
{
"name": "Hesse",
"visitors": "2"
},
{
"name": "North Rhine-Westphalia",
"visitors": "2"
},
{
"name": "Jakarta",
"visitors": "2"
},
{
"name": "Uttar Pradesh",
"visitors": "2"
},
{
"name": "Toyama",
"visitors": "2"
},
{
"name": "Kagawa",
"visitors": "2"
},
{
"name": "Kochi",
"visitors": "2"
},
{
"name": "Miyazaki",
"visitors": "2"
},
{
"name": "Lima Region",
"visitors": "2"
},
{
"name": "California",
"visitors": "2"
},
{
"name": "Virginia",
"visitors": "2"
},
{
"name": "Rio de Janeiro",
"visitors": "1"
},
{
"name": "British Columbia",
"visitors": "1"
},
{
"name": "Quebec",
"visitors": "1"
},
{
"name": "Gansu",
"visitors": "1"
},
{
"name": "Guizhou",
"visitors": "1"
},
{
"name": "Hainan",
"visitors": "1"
},
{
"name": "Heilongjiang",
"visitors": "1"
},
{
"name": "Jilin",
"visitors": "1"
},
{
"name": "Jiangxi",
"visitors": "1"
},
{
"name": "Inner Mongolia",
"visitors": "1"
},
{
"name": "Tianjin",
"visitors": "1"
},
{
"name": "Yunnan",
"visitors": "1"
},
{
"name": "Djelfa",
"visitors": "1"
},
{
"name": "Auvergne-Rh\u00f4ne-Alpes",
"visitors": "1"
},
{
"name": "Brittany",
"visitors": "1"
},
{
"name": "Normandie",
"visitors": "1"
},
{
"name": "England",
"visitors": "1"
},
{
"name": "Leinster",
"visitors": "1"
},
{
"name": "Karnataka",
"visitors": "1"
},
{
"name": "Aomori",
"visitors": "1"
},
{
"name": "Tokushima",
"visitors": "1"
},
{
"name": "Oyo",
"visitors": "1"
},
{
"name": "NO-19",
"visitors": "1"
},
{
"name": "Davao",
"visitors": "1"
},
{
"name": "Khyber Pakhtunkhwa",
"visitors": "1"
},
{
"name": "Lisbon",
"visitors": "1"
},
{
"name": "Moscow",
"visitors": "1"
},
{
"name": "New Taipei",
"visitors": "1"
},
{
"name": "Taipei",
"visitors": "1"
},
{
"name": "Central",
"visitors": "1"
},
{
"name": "Colorado",
"visitors": "1"
},
{
"name": "Florida",
"visitors": "1"
},
{
"name": "New York",
"visitors": "1"
},
{
"name": "Hanoi",
"visitors": "1"
}
]