[
{
"name": "Tokyo",
"visitors": "2134"
},
{
"name": "Osaka",
"visitors": "472"
},
{
"name": "Kanagawa",
"visitors": "295"
},
{
"name": "Saitama",
"visitors": "183"
},
{
"name": "Aichi",
"visitors": "178"
},
{
"name": "Chiba",
"visitors": "148"
},
{
"name": "Fukuoka",
"visitors": "113"
},
{
"name": "Kyoto",
"visitors": "87"
},
{
"name": "Hyogo",
"visitors": "85"
},
{
"name": "Hokkaido",
"visitors": "65"
},
{
"name": "Okayama",
"visitors": "60"
},
{
"name": "Ibaraki",
"visitors": "54"
},
{
"name": "Shizuoka",
"visitors": "37"
},
{
"name": "Miyagi",
"visitors": "26"
},
{
"name": "Mie",
"visitors": "26"
},
{
"name": "Tochigi",
"visitors": "25"
},
{
"name": "Niigata",
"visitors": "25"
},
{
"name": "Nagano",
"visitors": "25"
},
{
"name": "Hiroshima",
"visitors": "24"
},
{
"name": "Ehime",
"visitors": "24"
},
{
"name": "Nagasaki",
"visitors": "20"
},
{
"name": "Guangdong",
"visitors": "19"
},
{
"name": "Kumamoto",
"visitors": "19"
},
{
"name": "Ishikawa",
"visitors": "18"
},
{
"name": "Tokushima",
"visitors": "18"
},
{
"name": "Gunma",
"visitors": "17"
},
{
"name": "Iwate",
"visitors": "16"
},
{
"name": "Fukushima",
"visitors": "16"
},
{
"name": "Miyazaki",
"visitors": "16"
},
{
"name": "Shandong",
"visitors": "15"
},
{
"name": "Gifu",
"visitors": "14"
},
{
"name": "Saga",
"visitors": "13"
},
{
"name": "Oita",
"visitors": "13"
},
{
"name": "Shanghai",
"visitors": "12"
},
{
"name": "Kagoshima",
"visitors": "11"
},
{
"name": "Jiangsu",
"visitors": "10"
},
{
"name": "Shiga",
"visitors": "10"
},
{
"name": "Zhejiang",
"visitors": "9"
},
{
"name": "Fukui",
"visitors": "9"
},
{
"name": "Nara",
"visitors": "9"
},
{
"name": "Beijing",
"visitors": "8"
},
{
"name": "Yamaguchi",
"visitors": "8"
},
{
"name": "Liaoning",
"visitors": "7"
},
{
"name": "Sichuan",
"visitors": "7"
},
{
"name": "Yamanashi",
"visitors": "7"
},
{
"name": "Wakayama",
"visitors": "7"
},
{
"name": "Kagawa",
"visitors": "7"
},
{
"name": "Kochi",
"visitors": "7"
},
{
"name": "Okinawa",
"visitors": "7"
},
{
"name": "Henan",
"visitors": "6"
},
{
"name": "Aomori",
"visitors": "6"
},
{
"name": "Yunnan",
"visitors": "5"
},
{
"name": "Shimane",
"visitors": "5"
},
{
"name": "Fujian",
"visitors": "4"
},
{
"name": "Shaanxi",
"visitors": "4"
},
{
"name": "Akita",
"visitors": "4"
},
{
"name": "Toyama",
"visitors": "4"
},
{
"name": "Bangkok",
"visitors": "4"
},
{
"name": "Chongqing",
"visitors": "3"
},
{
"name": "Gansu",
"visitors": "3"
},
{
"name": "Guizhou",
"visitors": "3"
},
{
"name": "Hubei",
"visitors": "3"
},
{
"name": "Tianjin",
"visitors": "3"
},
{
"name": "Yamagata",
"visitors": "3"
},
{
"name": "California",
"visitors": "3"
},
{
"name": "Anhui",
"visitors": "2"
},
{
"name": "Xinjiang",
"visitors": "2"
},
{
"name": "North Rhine-Westphalia",
"visitors": "2"
},
{
"name": "Telang\u0101na",
"visitors": "2"
},
{
"name": "Tottori",
"visitors": "2"
},
{
"name": "Seoul",
"visitors": "2"
},
{
"name": "Zacatecas",
"visitors": "2"
},
{
"name": "Moscow",
"visitors": "2"
},
{
"name": "Riyadh",
"visitors": "2"
},
{
"name": "Sk\u00e5ne",
"visitors": "2"
},
{
"name": "Konya",
"visitors": "2"
},
{
"name": "New Taipei",
"visitors": "2"
},
{
"name": "Kyivshchyna",
"visitors": "2"
},
{
"name": "Illinois",
"visitors": "2"
},
{
"name": "New York",
"visitors": "2"
},
{
"name": "Texas",
"visitors": "2"
},
{
"name": "Ho Chi Minh City",
"visitors": "2"
},
{
"name": "Vienna",
"visitors": "1"
},
{
"name": "Vaud",
"visitors": "1"
},
{
"name": "Guangxi",
"visitors": "1"
},
{
"name": "Hebei",
"visitors": "1"
},
{
"name": "Hainan",
"visitors": "1"
},
{
"name": "Heilongjiang",
"visitors": "1"
},
{
"name": "Ningxia",
"visitors": "1"
},
{
"name": "Auvergne-Rh\u00f4ne-Alpes",
"visitors": "1"
},
{
"name": "\u00cele-de-France",
"visitors": "1"
},
{
"name": "Pays-de-la-Loire",
"visitors": "1"
},
{
"name": "Kowloon City Kowloon",
"visitors": "1"
},
{
"name": "Yuen Long New Territories",
"visitors": "1"
},
{
"name": "Tamil Nadu",
"visitors": "1"
},
{
"name": "Yangon",
"visitors": "1"
},
{
"name": "T\u00f6v",
"visitors": "1"
},
{
"name": "South Holland",
"visitors": "1"
},
{
"name": "Bashkortostan",
"visitors": "1"
},
{
"name": "Khabarovsk Krai",
"visitors": "1"
},
{
"name": "Colorado",
"visitors": "1"
},
{
"name": "Florida",
"visitors": "1"
},
{
"name": "North Carolina",
"visitors": "1"
},
{
"name": "Kh\u00e1nh H\u00f2a",
"visitors": "1"
},
{
"name": "Can Tho",
"visitors": "1"
},
{
"name": "Hanoi",
"visitors": "1"
}
]