[
{
"name": "Mazovia",
"visitors": "37"
},
{
"name": "Greater Poland",
"visitors": "25"
},
{
"name": "Lower Silesia",
"visitors": "22"
},
{
"name": "\u0141\u00f3d\u017a",
"visitors": "19"
},
{
"name": "Lesser Poland",
"visitors": "16"
},
{
"name": "Silesia",
"visitors": "13"
},
{
"name": "Pomerania",
"visitors": "12"
},
{
"name": "Ho Chi Minh City",
"visitors": "10"
},
{
"name": "Lublin",
"visitors": "7"
},
{
"name": "Kuyavia-Pomerania",
"visitors": "6"
},
{
"name": "Hanoi",
"visitors": "5"
},
{
"name": "South Holland",
"visitors": "4"
},
{
"name": "Lubusz",
"visitors": "4"
},
{
"name": "Subcarpathia",
"visitors": "4"
},
{
"name": "Hebei",
"visitors": "3"
},
{
"name": "Holy Cross",
"visitors": "3"
},
{
"name": "Pennsylvania",
"visitors": "3"
},
{
"name": "S\u00e3o Paulo",
"visitors": "2"
},
{
"name": "Ontario",
"visitors": "2"
},
{
"name": "Henan",
"visitors": "2"
},
{
"name": "Gyeonggi",
"visitors": "2"
},
{
"name": "Almaty City",
"visitors": "2"
},
{
"name": "North Holland",
"visitors": "2"
},
{
"name": "Moscow",
"visitors": "2"
},
{
"name": "Omsk",
"visitors": "2"
},
{
"name": "Sverdlovsk",
"visitors": "2"
},
{
"name": "California",
"visitors": "2"
},
{
"name": "Oregon",
"visitors": "2"
},
{
"name": "Ninh B\u00ecnh",
"visitors": "2"
},
{
"name": "Baku",
"visitors": "1"
},
{
"name": "Flanders",
"visitors": "1"
},
{
"name": "Cear\u00e1",
"visitors": "1"
},
{
"name": "Minas Gerais",
"visitors": "1"
},
{
"name": "Minsk",
"visitors": "1"
},
{
"name": "Guangdong",
"visitors": "1"
},
{
"name": "Jiangsu",
"visitors": "1"
},
{
"name": "Sichuan",
"visitors": "1"
},
{
"name": "Shaanxi",
"visitors": "1"
},
{
"name": "Zhejiang",
"visitors": "1"
},
{
"name": "Prague",
"visitors": "1"
},
{
"name": "Bavaria",
"visitors": "1"
},
{
"name": "Saxony",
"visitors": "1"
},
{
"name": "Central Denmark",
"visitors": "1"
},
{
"name": "Southern Denmark",
"visitors": "1"
},
{
"name": "England",
"visitors": "1"
},
{
"name": "Tokyo",
"visitors": "1"
},
{
"name": "South Gyeongsang",
"visitors": "1"
},
{
"name": "Podlachia",
"visitors": "1"
},
{
"name": "West Pomerania",
"visitors": "1"
},
{
"name": "Perm Krai",
"visitors": "1"
},
{
"name": "Tomsk",
"visitors": "1"
},
{
"name": "Tyumen",
"visitors": "1"
},
{
"name": "Zakarpattia",
"visitors": "1"
},
{
"name": "Kyivshchyna",
"visitors": "1"
},
{
"name": "Chernivtsi Oblast",
"visitors": "1"
},
{
"name": "Arizona",
"visitors": "1"
},
{
"name": "Ohio",
"visitors": "1"
},
{
"name": "Da Nang",
"visitors": "1"
},
{
"name": "Gauteng",
"visitors": "1"
}
]