[
{
"name": "S\u00e3o Paulo",
"visitors": "140"
},
{
"name": "Guangdong",
"visitors": "74"
},
{
"name": "Jiangsu",
"visitors": "61"
},
{
"name": "Shanghai",
"visitors": "46"
},
{
"name": "Minas Gerais",
"visitors": "45"
},
{
"name": "Bahia",
"visitors": "33"
},
{
"name": "Rio de Janeiro",
"visitors": "33"
},
{
"name": "Cear\u00e1",
"visitors": "30"
},
{
"name": "Goi\u00e1s",
"visitors": "27"
},
{
"name": "Hebei",
"visitors": "25"
},
{
"name": "Paran\u00e1",
"visitors": "21"
},
{
"name": "Rio Grande do Sul",
"visitors": "20"
},
{
"name": "Zhejiang",
"visitors": "20"
},
{
"name": "Federal District",
"visitors": "17"
},
{
"name": "Par\u00e1",
"visitors": "15"
},
{
"name": "Para\u00edba",
"visitors": "15"
},
{
"name": "Santa Catarina",
"visitors": "15"
},
{
"name": "Liaoning",
"visitors": "15"
},
{
"name": "Esp\u00edrito Santo",
"visitors": "11"
},
{
"name": "Pernambuco",
"visitors": "11"
},
{
"name": "Beijing",
"visitors": "11"
},
{
"name": "Amazonas",
"visitors": "10"
},
{
"name": "Piau\u00ed",
"visitors": "8"
},
{
"name": "Alagoas",
"visitors": "7"
},
{
"name": "Mato Grosso do Sul",
"visitors": "7"
},
{
"name": "Mato Grosso",
"visitors": "7"
},
{
"name": "Rio Grande do Norte",
"visitors": "7"
},
{
"name": "Fujian",
"visitors": "7"
},
{
"name": "Sergipe",
"visitors": "6"
},
{
"name": "Tocantins",
"visitors": "6"
},
{
"name": "Lisbon",
"visitors": "6"
},
{
"name": "Porto",
"visitors": "5"
},
{
"name": "Shandong",
"visitors": "4"
},
{
"name": "Coimbra",
"visitors": "4"
},
{
"name": "Luanda",
"visitors": "3"
},
{
"name": "Acre",
"visitors": "2"
},
{
"name": "Maranh\u00e3o",
"visitors": "2"
},
{
"name": "Rond\u00f4nia",
"visitors": "2"
},
{
"name": "Anhui",
"visitors": "2"
},
{
"name": "Henan",
"visitors": "2"
},
{
"name": "Uusimaa",
"visitors": "2"
},
{
"name": "Leinster",
"visitors": "2"
},
{
"name": "Delhi",
"visitors": "2"
},
{
"name": "Tokyo",
"visitors": "2"
},
{
"name": "Nampula",
"visitors": "2"
},
{
"name": "Leiria",
"visitors": "2"
},
{
"name": "Oregon",
"visitors": "2"
},
{
"name": "Basel-Landschaft",
"visitors": "1"
},
{
"name": "Chongqing",
"visitors": "1"
},
{
"name": "Hubei",
"visitors": "1"
},
{
"name": "Madrid Autonomous Community",
"visitors": "1"
},
{
"name": "England",
"visitors": "1"
},
{
"name": "Rajasthan",
"visitors": "1"
},
{
"name": "North Holland",
"visitors": "1"
},
{
"name": "\u0141\u00f3d\u017a",
"visitors": "1"
},
{
"name": "California",
"visitors": "1"
},
{
"name": "Ho Chi Minh City",
"visitors": "1"
}
]