[
{
"name": "Tokyo",
"visitors": "2040"
},
{
"name": "Osaka",
"visitors": "517"
},
{
"name": "Kanagawa",
"visitors": "319"
},
{
"name": "Aichi",
"visitors": "185"
},
{
"name": "Chiba",
"visitors": "155"
},
{
"name": "Saitama",
"visitors": "135"
},
{
"name": "Fukuoka",
"visitors": "79"
},
{
"name": "Hokkaido",
"visitors": "78"
},
{
"name": "Kyoto",
"visitors": "68"
},
{
"name": "Hyogo",
"visitors": "63"
},
{
"name": "Shizuoka",
"visitors": "51"
},
{
"name": "Ibaraki",
"visitors": "47"
},
{
"name": "Niigata",
"visitors": "31"
},
{
"name": "Miyagi",
"visitors": "29"
},
{
"name": "Okayama",
"visitors": "25"
},
{
"name": "Tochigi",
"visitors": "23"
},
{
"name": "Nagano",
"visitors": "22"
},
{
"name": "Gifu",
"visitors": "20"
},
{
"name": "Kumamoto",
"visitors": "20"
},
{
"name": "Guangdong",
"visitors": "19"
},
{
"name": "Ehime",
"visitors": "19"
},
{
"name": "Nagasaki",
"visitors": "19"
},
{
"name": "Jiangsu",
"visitors": "17"
},
{
"name": "Gunma",
"visitors": "17"
},
{
"name": "Hiroshima",
"visitors": "17"
},
{
"name": "Tokushima",
"visitors": "17"
},
{
"name": "Nara",
"visitors": "16"
},
{
"name": "Mie",
"visitors": "13"
},
{
"name": "Shiga",
"visitors": "13"
},
{
"name": "Fukui",
"visitors": "12"
},
{
"name": "Hebei",
"visitors": "11"
},
{
"name": "Shandong",
"visitors": "11"
},
{
"name": "Aomori",
"visitors": "10"
},
{
"name": "Ishikawa",
"visitors": "10"
},
{
"name": "California",
"visitors": "10"
},
{
"name": "Tottori",
"visitors": "9"
},
{
"name": "Kagawa",
"visitors": "9"
},
{
"name": "Okinawa",
"visitors": "9"
},
{
"name": "Shanghai",
"visitors": "8"
},
{
"name": "Akita",
"visitors": "8"
},
{
"name": "Fukushima",
"visitors": "8"
},
{
"name": "Wakayama",
"visitors": "8"
},
{
"name": "Beijing",
"visitors": "7"
},
{
"name": "Liaoning",
"visitors": "7"
},
{
"name": "Miyazaki",
"visitors": "7"
},
{
"name": "Sichuan",
"visitors": "6"
},
{
"name": "Zhejiang",
"visitors": "6"
},
{
"name": "Shimane",
"visitors": "6"
},
{
"name": "Hubei",
"visitors": "5"
},
{
"name": "Tianjin",
"visitors": "5"
},
{
"name": "Yamagata",
"visitors": "5"
},
{
"name": "Toyama",
"visitors": "5"
},
{
"name": "Yamaguchi",
"visitors": "5"
},
{
"name": "Kagoshima",
"visitors": "5"
},
{
"name": "Seoul",
"visitors": "5"
},
{
"name": "Bangkok",
"visitors": "5"
},
{
"name": "Henan",
"visitors": "4"
},
{
"name": "Iwate",
"visitors": "4"
},
{
"name": "Mazovia",
"visitors": "4"
},
{
"name": "Guizhou",
"visitors": "3"
},
{
"name": "Yamanashi",
"visitors": "3"
},
{
"name": "Gyeonggi",
"visitors": "3"
},
{
"name": "Iowa",
"visitors": "3"
},
{
"name": "New South Wales",
"visitors": "2"
},
{
"name": "S\u00e3o Paulo",
"visitors": "2"
},
{
"name": "Anhui",
"visitors": "2"
},
{
"name": "Chongqing",
"visitors": "2"
},
{
"name": "Guangxi",
"visitors": "2"
},
{
"name": "Hunan",
"visitors": "2"
},
{
"name": "Shanxi",
"visitors": "2"
},
{
"name": "Yunnan",
"visitors": "2"
},
{
"name": "Auvergne-Rh\u00f4ne-Alpes",
"visitors": "2"
},
{
"name": "England",
"visitors": "2"
},
{
"name": "Jakarta",
"visitors": "2"
},
{
"name": "Uttar Pradesh",
"visitors": "2"
},
{
"name": "Kochi",
"visitors": "2"
},
{
"name": "Oita",
"visitors": "2"
},
{
"name": "Lower Silesia",
"visitors": "2"
},
{
"name": "Lubusz",
"visitors": "2"
},
{
"name": "Chiang Mai",
"visitors": "2"
},
{
"name": "Illinois",
"visitors": "2"
},
{
"name": "Tashkent",
"visitors": "2"
},
{
"name": "South Australia",
"visitors": "1"
},
{
"name": "Ontario",
"visitors": "1"
},
{
"name": "Geneva",
"visitors": "1"
},
{
"name": "Fujian",
"visitors": "1"
},
{
"name": "Inner Mongolia",
"visitors": "1"
},
{
"name": "Shaanxi",
"visitors": "1"
},
{
"name": "Alajuela",
"visitors": "1"
},
{
"name": "Baden-W\u00fcrttemberg",
"visitors": "1"
},
{
"name": "Rhineland-Palatinate",
"visitors": "1"
},
{
"name": "Sohag",
"visitors": "1"
},
{
"name": "Maharashtra",
"visitors": "1"
},
{
"name": "Lombardy",
"visitors": "1"
},
{
"name": "Waikato",
"visitors": "1"
},
{
"name": "Silesia",
"visitors": "1"
},
{
"name": "Riyadh",
"visitors": "1"
},
{
"name": "Ariana",
"visitors": "1"
},
{
"name": "New Taipei",
"visitors": "1"
},
{
"name": "Taoyuan",
"visitors": "1"
},
{
"name": "Washington DC",
"visitors": "1"
},
{
"name": "Florida",
"visitors": "1"
},
{
"name": "North Carolina",
"visitors": "1"
},
{
"name": "New Jersey",
"visitors": "1"
},
{
"name": "Nevada",
"visitors": "1"
},
{
"name": "Oregon",
"visitors": "1"
},
{
"name": "Texas",
"visitors": "1"
},
{
"name": "Hanoi",
"visitors": "1"
},
{
"name": "Haiphong",
"visitors": "1"
},
{
"name": "Ho Chi Minh City",
"visitors": "1"
}
]