[
{
"name": "Tokyo",
"visitors": "117"
},
{
"name": "Kanagawa",
"visitors": "16"
},
{
"name": "Osaka",
"visitors": "16"
},
{
"name": "Aichi",
"visitors": "15"
},
{
"name": "Saitama",
"visitors": "13"
},
{
"name": "Chiba",
"visitors": "12"
},
{
"name": "Fukuoka",
"visitors": "7"
},
{
"name": "Hyogo",
"visitors": "6"
},
{
"name": "Hokkaido",
"visitors": "5"
},
{
"name": "Kyoto",
"visitors": "4"
},
{
"name": "Ibaraki",
"visitors": "3"
},
{
"name": "Beijing",
"visitors": "2"
},
{
"name": "Gunma",
"visitors": "2"
},
{
"name": "Ishikawa",
"visitors": "2"
},
{
"name": "Shizuoka",
"visitors": "2"
},
{
"name": "Tokushima",
"visitors": "2"
},
{
"name": "Kochi",
"visitors": "2"
},
{
"name": "Oita",
"visitors": "2"
},
{
"name": "Hubei",
"visitors": "1"
},
{
"name": "Hebei",
"visitors": "1"
},
{
"name": "Aomori",
"visitors": "1"
},
{
"name": "Miyagi",
"visitors": "1"
},
{
"name": "Yamagata",
"visitors": "1"
},
{
"name": "Tochigi",
"visitors": "1"
},
{
"name": "Niigata",
"visitors": "1"
},
{
"name": "Mie",
"visitors": "1"
},
{
"name": "Shiga",
"visitors": "1"
},
{
"name": "Nara",
"visitors": "1"
},
{
"name": "Wakayama",
"visitors": "1"
},
{
"name": "Kumamoto",
"visitors": "1"
},
{
"name": "Miyazaki",
"visitors": "1"
},
{
"name": "Atyrau",
"visitors": "1"
},
{
"name": "Tamaulipas",
"visitors": "1"
},
{
"name": "Ho Chi Minh City",
"visitors": "1"
}
]