[
{
"name": "Tokyo",
"visitors": "1901"
},
{
"name": "Osaka",
"visitors": "434"
},
{
"name": "Kanagawa",
"visitors": "293"
},
{
"name": "Chiba",
"visitors": "183"
},
{
"name": "Aichi",
"visitors": "160"
},
{
"name": "Saitama",
"visitors": "155"
},
{
"name": "Kyoto",
"visitors": "86"
},
{
"name": "Hyogo",
"visitors": "82"
},
{
"name": "Hokkaido",
"visitors": "75"
},
{
"name": "Guangdong",
"visitors": "74"
},
{
"name": "Fukuoka",
"visitors": "72"
},
{
"name": "Shizuoka",
"visitors": "67"
},
{
"name": "Jiangsu",
"visitors": "55"
},
{
"name": "Ibaraki",
"visitors": "44"
},
{
"name": "Miyagi",
"visitors": "32"
},
{
"name": "Zhejiang",
"visitors": "29"
},
{
"name": "Hebei",
"visitors": "28"
},
{
"name": "Hiroshima",
"visitors": "28"
},
{
"name": "Nagano",
"visitors": "26"
},
{
"name": "Sichuan",
"visitors": "25"
},
{
"name": "Okinawa",
"visitors": "24"
},
{
"name": "Okayama",
"visitors": "22"
},
{
"name": "Tochigi",
"visitors": "21"
},
{
"name": "Niigata",
"visitors": "20"
},
{
"name": "Liaoning",
"visitors": "19"
},
{
"name": "Ishikawa",
"visitors": "19"
},
{
"name": "Gifu",
"visitors": "18"
},
{
"name": "Mie",
"visitors": "18"
},
{
"name": "Shandong",
"visitors": "16"
},
{
"name": "Gunma",
"visitors": "16"
},
{
"name": "Nara",
"visitors": "16"
},
{
"name": "Kumamoto",
"visitors": "16"
},
{
"name": "Shanghai",
"visitors": "15"
},
{
"name": "Shiga",
"visitors": "15"
},
{
"name": "Henan",
"visitors": "14"
},
{
"name": "Fukui",
"visitors": "14"
},
{
"name": "Yamanashi",
"visitors": "14"
},
{
"name": "Kagoshima",
"visitors": "14"
},
{
"name": "Fukushima",
"visitors": "13"
},
{
"name": "Tokushima",
"visitors": "13"
},
{
"name": "Yamagata",
"visitors": "12"
},
{
"name": "Toyama",
"visitors": "11"
},
{
"name": "Yamaguchi",
"visitors": "11"
},
{
"name": "Iwate",
"visitors": "10"
},
{
"name": "Ehime",
"visitors": "10"
},
{
"name": "New York",
"visitors": "10"
},
{
"name": "Oregon",
"visitors": "10"
},
{
"name": "Fujian",
"visitors": "9"
},
{
"name": "Miyazaki",
"visitors": "9"
},
{
"name": "Beijing",
"visitors": "8"
},
{
"name": "Wakayama",
"visitors": "8"
},
{
"name": "Saga",
"visitors": "8"
},
{
"name": "California",
"visitors": "8"
},
{
"name": "Yunnan",
"visitors": "7"
},
{
"name": "Akita",
"visitors": "7"
},
{
"name": "Shimane",
"visitors": "7"
},
{
"name": "Gyeonggi",
"visitors": "7"
},
{
"name": "Anhui",
"visitors": "6"
},
{
"name": "Tottori",
"visitors": "6"
},
{
"name": "Hunan",
"visitors": "5"
},
{
"name": "Aomori",
"visitors": "5"
},
{
"name": "Oita",
"visitors": "5"
},
{
"name": "Mazovia",
"visitors": "5"
},
{
"name": "Guangxi",
"visitors": "4"
},
{
"name": "Shaanxi",
"visitors": "4"
},
{
"name": "Tianjin",
"visitors": "4"
},
{
"name": "Kagawa",
"visitors": "4"
},
{
"name": "Kochi",
"visitors": "4"
},
{
"name": "Iowa",
"visitors": "4"
},
{
"name": "Chongqing",
"visitors": "3"
},
{
"name": "Hubei",
"visitors": "3"
},
{
"name": "Jiangxi",
"visitors": "3"
},
{
"name": "Karnataka",
"visitors": "3"
},
{
"name": "Yamalo-Nenets Okrug",
"visitors": "3"
},
{
"name": "Ho Chi Minh City",
"visitors": "3"
},
{
"name": "Ontario",
"visitors": "2"
},
{
"name": "Guizhou",
"visitors": "2"
},
{
"name": "Madrid Autonomous Community",
"visitors": "2"
},
{
"name": "Uusimaa",
"visitors": "2"
},
{
"name": "England",
"visitors": "2"
},
{
"name": "Nagasaki",
"visitors": "2"
},
{
"name": "Almaty City",
"visitors": "2"
},
{
"name": "Colorado",
"visitors": "2"
},
{
"name": "Virginia",
"visitors": "2"
},
{
"name": "Hanoi",
"visitors": "2"
},
{
"name": "New South Wales",
"visitors": "1"
},
{
"name": "Gansu",
"visitors": "1"
},
{
"name": "Hainan",
"visitors": "1"
},
{
"name": "Ningxia",
"visitors": "1"
},
{
"name": "Shanxi",
"visitors": "1"
},
{
"name": "North Rhine-Westphalia",
"visitors": "1"
},
{
"name": "Central Denmark",
"visitors": "1"
},
{
"name": "Leinster",
"visitors": "1"
},
{
"name": "Jharkhand",
"visitors": "1"
},
{
"name": "Maharashtra",
"visitors": "1"
},
{
"name": "Rajasthan",
"visitors": "1"
},
{
"name": "Tuscany",
"visitors": "1"
},
{
"name": "South Chungcheong",
"visitors": "1"
},
{
"name": "Chi\u0219in\u0103u",
"visitors": "1"
},
{
"name": "South Holland",
"visitors": "1"
},
{
"name": "Province 3",
"visitors": "1"
},
{
"name": "Lisbon",
"visitors": "1"
},
{
"name": "Taipei",
"visitors": "1"
},
{
"name": "Taitung",
"visitors": "1"
},
{
"name": "Arizona",
"visitors": "1"
},
{
"name": "Missouri",
"visitors": "1"
},
{
"name": "Nevada",
"visitors": "1"
}
]