[
{
"name": "Tokyo",
"visitors": "2385"
},
{
"name": "Osaka",
"visitors": "500"
},
{
"name": "Kanagawa",
"visitors": "301"
},
{
"name": "Aichi",
"visitors": "206"
},
{
"name": "Saitama",
"visitors": "178"
},
{
"name": "Hyogo",
"visitors": "160"
},
{
"name": "Chiba",
"visitors": "140"
},
{
"name": "Hokkaido",
"visitors": "100"
},
{
"name": "Fukuoka",
"visitors": "97"
},
{
"name": "Kyoto",
"visitors": "83"
},
{
"name": "Miyagi",
"visitors": "53"
},
{
"name": "Ibaraki",
"visitors": "47"
},
{
"name": "Shizuoka",
"visitors": "43"
},
{
"name": "Niigata",
"visitors": "23"
},
{
"name": "Nagano",
"visitors": "23"
},
{
"name": "Fukushima",
"visitors": "22"
},
{
"name": "Mie",
"visitors": "22"
},
{
"name": "Tokushima",
"visitors": "22"
},
{
"name": "Gunma",
"visitors": "21"
},
{
"name": "Nara",
"visitors": "21"
},
{
"name": "Tochigi",
"visitors": "20"
},
{
"name": "Hiroshima",
"visitors": "20"
},
{
"name": "Kagoshima",
"visitors": "18"
},
{
"name": "Okinawa",
"visitors": "18"
},
{
"name": "Hebei",
"visitors": "17"
},
{
"name": "Aomori",
"visitors": "17"
},
{
"name": "Ishikawa",
"visitors": "16"
},
{
"name": "Okayama",
"visitors": "16"
},
{
"name": "Shiga",
"visitors": "15"
},
{
"name": "Toyama",
"visitors": "14"
},
{
"name": "Shimane",
"visitors": "14"
},
{
"name": "Wakayama",
"visitors": "13"
},
{
"name": "Ehime",
"visitors": "13"
},
{
"name": "Nagasaki",
"visitors": "13"
},
{
"name": "Guangdong",
"visitors": "12"
},
{
"name": "Gifu",
"visitors": "12"
},
{
"name": "Miyazaki",
"visitors": "12"
},
{
"name": "Yamagata",
"visitors": "11"
},
{
"name": "Tottori",
"visitors": "11"
},
{
"name": "Kagawa",
"visitors": "11"
},
{
"name": "Kochi",
"visitors": "11"
},
{
"name": "Kumamoto",
"visitors": "10"
},
{
"name": "Shandong",
"visitors": "9"
},
{
"name": "Zhejiang",
"visitors": "9"
},
{
"name": "Iwate",
"visitors": "9"
},
{
"name": "Jiangsu",
"visitors": "8"
},
{
"name": "Fukui",
"visitors": "8"
},
{
"name": "Yamanashi",
"visitors": "8"
},
{
"name": "Oita",
"visitors": "8"
},
{
"name": "California",
"visitors": "8"
},
{
"name": "Henan",
"visitors": "7"
},
{
"name": "Shanghai",
"visitors": "6"
},
{
"name": "Akita",
"visitors": "5"
},
{
"name": "Sichuan",
"visitors": "4"
},
{
"name": "Saga",
"visitors": "4"
},
{
"name": "Gyeonggi",
"visitors": "4"
},
{
"name": "Ho Chi Minh City",
"visitors": "4"
},
{
"name": "British Columbia",
"visitors": "3"
},
{
"name": "Beijing",
"visitors": "3"
},
{
"name": "Hunan",
"visitors": "3"
},
{
"name": "Shaanxi",
"visitors": "3"
},
{
"name": "North Rhine-Westphalia",
"visitors": "3"
},
{
"name": "West Bengal",
"visitors": "3"
},
{
"name": "Colorado",
"visitors": "3"
},
{
"name": "Oregon",
"visitors": "3"
},
{
"name": "Texas",
"visitors": "3"
},
{
"name": "Washington",
"visitors": "3"
},
{
"name": "Hanoi",
"visitors": "3"
},
{
"name": "Anhui",
"visitors": "2"
},
{
"name": "Fujian",
"visitors": "2"
},
{
"name": "Gansu",
"visitors": "2"
},
{
"name": "Guizhou",
"visitors": "2"
},
{
"name": "Shanxi",
"visitors": "2"
},
{
"name": "Brittany",
"visitors": "2"
},
{
"name": "England",
"visitors": "2"
},
{
"name": "Attica",
"visitors": "2"
},
{
"name": "Central Java",
"visitors": "2"
},
{
"name": "Maharashtra",
"visitors": "2"
},
{
"name": "Makkah",
"visitors": "2"
},
{
"name": "Yerevan",
"visitors": "1"
},
{
"name": "Piau\u00ed",
"visitors": "1"
},
{
"name": "Geneva",
"visitors": "1"
},
{
"name": "Chongqing",
"visitors": "1"
},
{
"name": "Hubei",
"visitors": "1"
},
{
"name": "Jiangxi",
"visitors": "1"
},
{
"name": "Liaoning",
"visitors": "1"
},
{
"name": "Tianjin",
"visitors": "1"
},
{
"name": "Xinjiang",
"visitors": "1"
},
{
"name": "Prague",
"visitors": "1"
},
{
"name": "Hesse",
"visitors": "1"
},
{
"name": "Lower Saxony",
"visitors": "1"
},
{
"name": "\u00cele-de-France",
"visitors": "1"
},
{
"name": "Yogyakarta",
"visitors": "1"
},
{
"name": "Tamil Nadu",
"visitors": "1"
},
{
"name": "Yamaguchi",
"visitors": "1"
},
{
"name": "Seoul",
"visitors": "1"
},
{
"name": "North Gyeongsang",
"visitors": "1"
},
{
"name": "Central",
"visitors": "1"
},
{
"name": "Mazovia",
"visitors": "1"
},
{
"name": "Moscow",
"visitors": "1"
},
{
"name": "Ljubljana",
"visitors": "1"
},
{
"name": "Konya",
"visitors": "1"
},
{
"name": "Kyiv",
"visitors": "1"
},
{
"name": "Kharkivshchyna",
"visitors": "1"
},
{
"name": "Iowa",
"visitors": "1"
},
{
"name": "Illinois",
"visitors": "1"
},
{
"name": "Nevada",
"visitors": "1"
},
{
"name": "Tashkent",
"visitors": "1"
},
{
"name": "Capital",
"visitors": "1"
},
{
"name": "Th\u00e1i B\u00ecnh",
"visitors": "1"
}
]