[
{
"name": "Milan",
"visitors": "45"
},
{
"name": "Rome",
"visitors": "18"
},
{
"name": "Turin",
"visitors": "14"
},
{
"name": "Naples",
"visitors": "13"
},
{
"name": "Verona",
"visitors": "8"
},
{
"name": "Muggi\u00f2",
"visitors": "6"
},
{
"name": "Palermo",
"visitors": "5"
},
{
"name": "Bologna",
"visitors": "5"
},
{
"name": "Venice",
"visitors": "4"
},
{
"name": "Trento",
"visitors": "4"
},
{
"name": "Seregno",
"visitors": "4"
},
{
"name": "Reggio nell'Emilia",
"visitors": "4"
},
{
"name": "Pisa",
"visitors": "4"
},
{
"name": "Brescia",
"visitors": "4"
},
{
"name": "Tokyo",
"visitors": "3"
},
{
"name": "Catania",
"visitors": "3"
},
{
"name": "Vicenza",
"visitors": "3"
},
{
"name": "Parma",
"visitors": "3"
},
{
"name": "Padova",
"visitors": "3"
},
{
"name": "Livorno",
"visitors": "3"
},
{
"name": "Genoa",
"visitors": "3"
},
{
"name": "Gifu-shi",
"visitors": "2"
},
{
"name": "Sydney",
"visitors": "2"
},
{
"name": "Villabate",
"visitors": "2"
},
{
"name": "Z\u00fcrich",
"visitors": "2"
},
{
"name": "Amsterdam",
"visitors": "2"
},
{
"name": "Lyon",
"visitors": "2"
},
{
"name": "Bratislava",
"visitors": "2"
},
{
"name": "Viareggio",
"visitors": "2"
},
{
"name": "Spinazzola",
"visitors": "2"
},
{
"name": "Siena",
"visitors": "2"
},
{
"name": "San Giuliano Terme",
"visitors": "2"
},
{
"name": "Salerno",
"visitors": "2"
},
{
"name": "Rovato",
"visitors": "2"
},
{
"name": "Ravenna",
"visitors": "2"
},
{
"name": "Pozzuoli",
"visitors": "2"
},
{
"name": "Piombino Dese",
"visitors": "2"
},
{
"name": "Perugia",
"visitors": "2"
},
{
"name": "Ospitaletto",
"visitors": "2"
},
{
"name": "Noale",
"visitors": "2"
},
{
"name": "Morro d'Alba",
"visitors": "2"
},
{
"name": "Monza",
"visitors": "2"
},
{
"name": "Montemurlo",
"visitors": "2"
},
{
"name": "Modena",
"visitors": "2"
},
{
"name": "Malonno",
"visitors": "2"
},
{
"name": "Legnano",
"visitors": "2"
},
{
"name": "Lecce",
"visitors": "2"
},
{
"name": "Florence",
"visitors": "2"
},
{
"name": "Bassano del Grappa",
"visitors": "2"
},
{
"name": "Barletta",
"visitors": "2"
},
{
"name": "Bari",
"visitors": "2"
},
{
"name": "Badia Polesine",
"visitors": "2"
},
{
"name": "Aversa",
"visitors": "2"
},
{
"name": "Ancona",
"visitors": "2"
},
{
"name": "Almenno San Bartolomeo",
"visitors": "2"
},
{
"name": "Concesio",
"visitors": "2"
},
{
"name": "San Paolo d'Argon",
"visitors": "2"
},
{
"name": "Nairobi",
"visitors": "1"
},
{
"name": "Malang",
"visitors": "1"
},
{
"name": "Jakarta",
"visitors": "1"
},
{
"name": "Beijing",
"visitors": "1"
},
{
"name": "Singapore",
"visitors": "1"
},
{
"name": "Patern\u00f2",
"visitors": "1"
},
{
"name": "Oristano",
"visitors": "1"
},
{
"name": "Cagliari",
"visitors": "1"
},
{
"name": "Kenitra",
"visitors": "1"
},
{
"name": "London",
"visitors": "1"
},
{
"name": "Lugano",
"visitors": "1"
},
{
"name": "Madrid",
"visitors": "1"
},
{
"name": "Villanuova sul Clisi",
"visitors": "1"
},
{
"name": "Valenzano",
"visitors": "1"
},
{
"name": "Treviso",
"visitors": "1"
},
{
"name": "Trecate",
"visitors": "1"
},
{
"name": "Senigallia",
"visitors": "1"
},
{
"name": "Schio",
"visitors": "1"
},
{
"name": "Saviano",
"visitors": "1"
},
{
"name": "Sarno",
"visitors": "1"
},
{
"name": "San Gennaro Vesuviano",
"visitors": "1"
},
{
"name": "San Fior di Sopra",
"visitors": "1"
},
{
"name": "Potenza Picena",
"visitors": "1"
},
{
"name": "Pomigliano d'Arco",
"visitors": "1"
},
{
"name": "Piaggine",
"visitors": "1"
},
{
"name": "Palo del Colle",
"visitors": "1"
},
{
"name": "Palazzolo sull'Oglio",
"visitors": "1"
},
{
"name": "Pagani",
"visitors": "1"
},
{
"name": "Osimo",
"visitors": "1"
},
{
"name": "Orzinuovi",
"visitors": "1"
},
{
"name": "Montebelluna",
"visitors": "1"
},
{
"name": "Marano Vicentino",
"visitors": "1"
},
{
"name": "Magenta",
"visitors": "1"
},
{
"name": "Lainate",
"visitors": "1"
},
{
"name": "Forl\u00ec",
"visitors": "1"
},
{
"name": "Ferrara",
"visitors": "1"
},
{
"name": "Empoli",
"visitors": "1"
},
{
"name": "Cavour",
"visitors": "1"
},
{
"name": "Castelfidardo",
"visitors": "1"
},
{
"name": "Casamassima",
"visitors": "1"
},
{
"name": "Buccino",
"visitors": "1"
},
{
"name": "Bertinoro",
"visitors": "1"
},
{
"name": "Bergamo",
"visitors": "1"
},
{
"name": "Asso",
"visitors": "1"
},
{
"name": "Acquaviva delle Fonti",
"visitors": "1"
},
{
"name": "Rio de Janeiro",
"visitors": "1"
},
{
"name": "Betim",
"visitors": "1"
},
{
"name": "Santiago",
"visitors": "1"
},
{
"name": "Whitehorse",
"visitors": "1"
},
{
"name": "Castelnuovo del Garda",
"visitors": "1"
},
{
"name": "Orta di Atella",
"visitors": "1"
},
{
"name": "Credaro",
"visitors": "1"
},
{
"name": "Vatican City",
"visitors": "1"
}
]