[
{
"name": "Tokyo",
"visitors": "143"
},
{
"name": "Kanagawa",
"visitors": "22"
},
{
"name": "Osaka",
"visitors": "20"
},
{
"name": "Aichi",
"visitors": "10"
},
{
"name": "Shizuoka",
"visitors": "7"
},
{
"name": "Saitama",
"visitors": "6"
},
{
"name": "Chiba",
"visitors": "5"
},
{
"name": "Hyogo",
"visitors": "5"
},
{
"name": "Fukuoka",
"visitors": "4"
},
{
"name": "Hokkaido",
"visitors": "3"
},
{
"name": "Ibaraki",
"visitors": "3"
},
{
"name": "Shimane",
"visitors": "3"
},
{
"name": "Hiroshima",
"visitors": "3"
},
{
"name": "Nagano",
"visitors": "2"
},
{
"name": "Tokushima",
"visitors": "2"
},
{
"name": "Beijing",
"visitors": "1"
},
{
"name": "Shaanxi",
"visitors": "1"
},
{
"name": "Khor\u0101s\u0101n-e Ra\u1e95av\u012b",
"visitors": "1"
},
{
"name": "Miyagi",
"visitors": "1"
},
{
"name": "Toyama",
"visitors": "1"
},
{
"name": "Kyoto",
"visitors": "1"
},
{
"name": "Tottori",
"visitors": "1"
},
{
"name": "Okayama",
"visitors": "1"
},
{
"name": "Kochi",
"visitors": "1"
},
{
"name": "Saga",
"visitors": "1"
},
{
"name": "Nagasaki",
"visitors": "1"
},
{
"name": "Oita",
"visitors": "1"
},
{
"name": "Miyazaki",
"visitors": "1"
},
{
"name": "Taipei",
"visitors": "1"
},
{
"name": "Ho Chi Minh City",
"visitors": "1"
}
]