[
{
"name": "Tokyo",
"visitors": "1806"
},
{
"name": "Osaka",
"visitors": "493"
},
{
"name": "Kanagawa",
"visitors": "297"
},
{
"name": "Saitama",
"visitors": "186"
},
{
"name": "Aichi",
"visitors": "184"
},
{
"name": "Chiba",
"visitors": "157"
},
{
"name": "Hokkaido",
"visitors": "92"
},
{
"name": "Fukuoka",
"visitors": "92"
},
{
"name": "Hebei",
"visitors": "88"
},
{
"name": "Hyogo",
"visitors": "85"
},
{
"name": "Shizuoka",
"visitors": "57"
},
{
"name": "Kyoto",
"visitors": "53"
},
{
"name": "Guangdong",
"visitors": "46"
},
{
"name": "Ibaraki",
"visitors": "43"
},
{
"name": "Jiangsu",
"visitors": "31"
},
{
"name": "Zhejiang",
"visitors": "30"
},
{
"name": "Miyagi",
"visitors": "27"
},
{
"name": "Hiroshima",
"visitors": "27"
},
{
"name": "Tochigi",
"visitors": "25"
},
{
"name": "Sichuan",
"visitors": "24"
},
{
"name": "Gifu",
"visitors": "24"
},
{
"name": "Gunma",
"visitors": "22"
},
{
"name": "Nagano",
"visitors": "21"
},
{
"name": "Shanghai",
"visitors": "20"
},
{
"name": "Niigata",
"visitors": "19"
},
{
"name": "Okayama",
"visitors": "19"
},
{
"name": "Kochi",
"visitors": "19"
},
{
"name": "Ishikawa",
"visitors": "18"
},
{
"name": "Nara",
"visitors": "17"
},
{
"name": "Kumamoto",
"visitors": "17"
},
{
"name": "Yamagata",
"visitors": "16"
},
{
"name": "Fukushima",
"visitors": "14"
},
{
"name": "Yamanashi",
"visitors": "14"
},
{
"name": "Tokushima",
"visitors": "14"
},
{
"name": "Ehime",
"visitors": "14"
},
{
"name": "Okinawa",
"visitors": "13"
},
{
"name": "Shaanxi",
"visitors": "12"
},
{
"name": "Oita",
"visitors": "12"
},
{
"name": "California",
"visitors": "12"
},
{
"name": "Shandong",
"visitors": "11"
},
{
"name": "Mie",
"visitors": "11"
},
{
"name": "Shiga",
"visitors": "11"
},
{
"name": "Liaoning",
"visitors": "10"
},
{
"name": "Wakayama",
"visitors": "10"
},
{
"name": "Fujian",
"visitors": "9"
},
{
"name": "Tottori",
"visitors": "8"
},
{
"name": "Kagawa",
"visitors": "8"
},
{
"name": "Nagasaki",
"visitors": "8"
},
{
"name": "Henan",
"visitors": "7"
},
{
"name": "Iwate",
"visitors": "7"
},
{
"name": "Shimane",
"visitors": "7"
},
{
"name": "Aomori",
"visitors": "6"
},
{
"name": "Toyama",
"visitors": "6"
},
{
"name": "Fukui",
"visitors": "6"
},
{
"name": "Yamaguchi",
"visitors": "6"
},
{
"name": "Miyazaki",
"visitors": "6"
},
{
"name": "Anhui",
"visitors": "5"
},
{
"name": "Beijing",
"visitors": "5"
},
{
"name": "Chongqing",
"visitors": "5"
},
{
"name": "Akita",
"visitors": "5"
},
{
"name": "Gansu",
"visitors": "4"
},
{
"name": "Hunan",
"visitors": "4"
},
{
"name": "Jiangxi",
"visitors": "4"
},
{
"name": "Yunnan",
"visitors": "4"
},
{
"name": "Guizhou",
"visitors": "3"
},
{
"name": "Provence-Alpes-C\u00f4te-d'Azur",
"visitors": "3"
},
{
"name": "Saga",
"visitors": "3"
},
{
"name": "Kagoshima",
"visitors": "3"
},
{
"name": "Virginia",
"visitors": "3"
},
{
"name": "Ho Chi Minh City",
"visitors": "3"
},
{
"name": "Hubei",
"visitors": "2"
},
{
"name": "Tianjin",
"visitors": "2"
},
{
"name": "Lower Saxony",
"visitors": "2"
},
{
"name": "Auvergne-Rh\u00f4ne-Alpes",
"visitors": "2"
},
{
"name": "Maharashtra",
"visitors": "2"
},
{
"name": "Uttar Pradesh",
"visitors": "2"
},
{
"name": "Ulaanbaatar",
"visitors": "2"
},
{
"name": "Hsinchu",
"visitors": "2"
},
{
"name": "New Taipei",
"visitors": "2"
},
{
"name": "Washington DC",
"visitors": "2"
},
{
"name": "Iowa",
"visitors": "2"
},
{
"name": "Texas",
"visitors": "2"
},
{
"name": "Hanoi",
"visitors": "2"
},
{
"name": "New South Wales",
"visitors": "1"
},
{
"name": "Western Australia",
"visitors": "1"
},
{
"name": "Abidjan",
"visitors": "1"
},
{
"name": "Guangxi",
"visitors": "1"
},
{
"name": "Hainan",
"visitors": "1"
},
{
"name": "Shanxi",
"visitors": "1"
},
{
"name": "Hesse",
"visitors": "1"
},
{
"name": "North Rhine-Westphalia",
"visitors": "1"
},
{
"name": "England",
"visitors": "1"
},
{
"name": "Zagreb",
"visitors": "1"
},
{
"name": "Piedmont",
"visitors": "1"
},
{
"name": "Veneto",
"visitors": "1"
},
{
"name": "Phnom Penh",
"visitors": "1"
},
{
"name": "Seoul",
"visitors": "1"
},
{
"name": "Incheon",
"visitors": "1"
},
{
"name": "Gyeonggi",
"visitors": "1"
},
{
"name": "Almaty City",
"visitors": "1"
},
{
"name": "Yangon",
"visitors": "1"
},
{
"name": "Jalisco",
"visitors": "1"
},
{
"name": "Johor",
"visitors": "1"
},
{
"name": "Selangor",
"visitors": "1"
},
{
"name": "North Holland",
"visitors": "1"
},
{
"name": "Canterbury",
"visitors": "1"
},
{
"name": "Metro Manila",
"visitors": "1"
},
{
"name": "Novosibirsk",
"visitors": "1"
},
{
"name": "Taichung",
"visitors": "1"
},
{
"name": "Colorado",
"visitors": "1"
},
{
"name": "New Jersey",
"visitors": "1"
},
{
"name": "New York",
"visitors": "1"
},
{
"name": "Oregon",
"visitors": "1"
},
{
"name": "Utah",
"visitors": "1"
},
{
"name": "Th\u00e1i B\u00ecnh",
"visitors": "1"
},
{
"name": "Can Tho",
"visitors": "1"
}
]