[
{
"name": "Tokyo",
"visitors": "2024"
},
{
"name": "Osaka",
"visitors": "492"
},
{
"name": "Kanagawa",
"visitors": "284"
},
{
"name": "Aichi",
"visitors": "185"
},
{
"name": "Saitama",
"visitors": "163"
},
{
"name": "Chiba",
"visitors": "148"
},
{
"name": "Hyogo",
"visitors": "144"
},
{
"name": "Kyoto",
"visitors": "82"
},
{
"name": "Fukuoka",
"visitors": "77"
},
{
"name": "Hokkaido",
"visitors": "63"
},
{
"name": "Ibaraki",
"visitors": "58"
},
{
"name": "Shizuoka",
"visitors": "50"
},
{
"name": "Hiroshima",
"visitors": "29"
},
{
"name": "Okayama",
"visitors": "27"
},
{
"name": "Tochigi",
"visitors": "26"
},
{
"name": "Miyagi",
"visitors": "25"
},
{
"name": "Nagano",
"visitors": "25"
},
{
"name": "Shandong",
"visitors": "24"
},
{
"name": "Niigata",
"visitors": "23"
},
{
"name": "Mie",
"visitors": "22"
},
{
"name": "Fukushima",
"visitors": "20"
},
{
"name": "Ishikawa",
"visitors": "19"
},
{
"name": "Kagawa",
"visitors": "18"
},
{
"name": "Beijing",
"visitors": "16"
},
{
"name": "Toyama",
"visitors": "16"
},
{
"name": "Miyazaki",
"visitors": "16"
},
{
"name": "Zhejiang",
"visitors": "15"
},
{
"name": "Shiga",
"visitors": "15"
},
{
"name": "Tokushima",
"visitors": "15"
},
{
"name": "Jiangsu",
"visitors": "14"
},
{
"name": "Yamaguchi",
"visitors": "14"
},
{
"name": "Henan",
"visitors": "13"
},
{
"name": "Shanghai",
"visitors": "13"
},
{
"name": "Gunma",
"visitors": "13"
},
{
"name": "Kochi",
"visitors": "13"
},
{
"name": "Kumamoto",
"visitors": "13"
},
{
"name": "Gifu",
"visitors": "12"
},
{
"name": "Kagoshima",
"visitors": "12"
},
{
"name": "Guangdong",
"visitors": "11"
},
{
"name": "Sichuan",
"visitors": "11"
},
{
"name": "Nagasaki",
"visitors": "11"
},
{
"name": "California",
"visitors": "11"
},
{
"name": "Iwate",
"visitors": "10"
},
{
"name": "Wakayama",
"visitors": "10"
},
{
"name": "Akita",
"visitors": "9"
},
{
"name": "Fukui",
"visitors": "9"
},
{
"name": "Nara",
"visitors": "9"
},
{
"name": "Hubei",
"visitors": "8"
},
{
"name": "Aomori",
"visitors": "8"
},
{
"name": "Yamagata",
"visitors": "8"
},
{
"name": "Hunan",
"visitors": "7"
},
{
"name": "Tottori",
"visitors": "7"
},
{
"name": "Shimane",
"visitors": "7"
},
{
"name": "Oita",
"visitors": "7"
},
{
"name": "Guangxi",
"visitors": "6"
},
{
"name": "Hebei",
"visitors": "6"
},
{
"name": "New York",
"visitors": "6"
},
{
"name": "Ho Chi Minh City",
"visitors": "6"
},
{
"name": "Fujian",
"visitors": "5"
},
{
"name": "Shaanxi",
"visitors": "5"
},
{
"name": "Ehime",
"visitors": "5"
},
{
"name": "Guizhou",
"visitors": "4"
},
{
"name": "Liaoning",
"visitors": "4"
},
{
"name": "Tianjin",
"visitors": "4"
},
{
"name": "England",
"visitors": "4"
},
{
"name": "Chiang Mai",
"visitors": "4"
},
{
"name": "Anhui",
"visitors": "3"
},
{
"name": "Yunnan",
"visitors": "3"
},
{
"name": "Karnataka",
"visitors": "3"
},
{
"name": "Yamanashi",
"visitors": "3"
},
{
"name": "Okinawa",
"visitors": "3"
},
{
"name": "Seoul",
"visitors": "3"
},
{
"name": "Mazovia",
"visitors": "3"
},
{
"name": "Taipei",
"visitors": "3"
},
{
"name": "Colorado",
"visitors": "3"
},
{
"name": "Illinois",
"visitors": "3"
},
{
"name": "Quebec",
"visitors": "2"
},
{
"name": "Chongqing",
"visitors": "2"
},
{
"name": "Inner Mongolia",
"visitors": "2"
},
{
"name": "Andalusia",
"visitors": "2"
},
{
"name": "Madrid Autonomous Community",
"visitors": "2"
},
{
"name": "West Java",
"visitors": "2"
},
{
"name": "Central Java",
"visitors": "2"
},
{
"name": "North Brabant",
"visitors": "2"
},
{
"name": "Bucharest",
"visitors": "2"
},
{
"name": "Florida",
"visitors": "2"
},
{
"name": "Hawaii",
"visitors": "2"
},
{
"name": "Washington",
"visitors": "2"
},
{
"name": "Wisconsin",
"visitors": "2"
},
{
"name": "Victoria",
"visitors": "1"
},
{
"name": "Sofia",
"visitors": "1"
},
{
"name": "Cear\u00e1",
"visitors": "1"
},
{
"name": "Gansu",
"visitors": "1"
},
{
"name": "Jilin",
"visitors": "1"
},
{
"name": "Jiangxi",
"visitors": "1"
},
{
"name": "Valle del Cauca",
"visitors": "1"
},
{
"name": "Baden-W\u00fcrttemberg",
"visitors": "1"
},
{
"name": "Hesse",
"visitors": "1"
},
{
"name": "Hauts-de-France",
"visitors": "1"
},
{
"name": "Nouvelle-Aquitaine",
"visitors": "1"
},
{
"name": "Greater Accra",
"visitors": "1"
},
{
"name": "Ashanti",
"visitors": "1"
},
{
"name": "Saga",
"visitors": "1"
},
{
"name": "Incheon",
"visitors": "1"
},
{
"name": "Vilnius County",
"visitors": "1"
},
{
"name": "Yucat\u00e1n",
"visitors": "1"
},
{
"name": "Lima Region",
"visitors": "1"
},
{
"name": "Moscow",
"visitors": "1"
},
{
"name": "Tomsk",
"visitors": "1"
},
{
"name": "Volgograd",
"visitors": "1"
},
{
"name": "New Taipei",
"visitors": "1"
},
{
"name": "Taichung",
"visitors": "1"
},
{
"name": "Kyiv",
"visitors": "1"
},
{
"name": "Connecticut",
"visitors": "1"
},
{
"name": "New Jersey",
"visitors": "1"
},
{
"name": "Texas",
"visitors": "1"
},
{
"name": "Virginia",
"visitors": "1"
},
{
"name": "Th\u00e1i Nguy\u00ean",
"visitors": "1"
}
]