[
{
"name": "Tokyo",
"visitors": "1822"
},
{
"name": "Osaka",
"visitors": "397"
},
{
"name": "Kanagawa",
"visitors": "293"
},
{
"name": "Aichi",
"visitors": "180"
},
{
"name": "Saitama",
"visitors": "164"
},
{
"name": "Chiba",
"visitors": "129"
},
{
"name": "Hyogo",
"visitors": "95"
},
{
"name": "Fukuoka",
"visitors": "76"
},
{
"name": "Hokkaido",
"visitors": "75"
},
{
"name": "Kyoto",
"visitors": "65"
},
{
"name": "Ibaraki",
"visitors": "47"
},
{
"name": "Shizuoka",
"visitors": "43"
},
{
"name": "Miyagi",
"visitors": "35"
},
{
"name": "Gifu",
"visitors": "34"
},
{
"name": "Nagano",
"visitors": "32"
},
{
"name": "Guangdong",
"visitors": "28"
},
{
"name": "Tochigi",
"visitors": "28"
},
{
"name": "Hiroshima",
"visitors": "25"
},
{
"name": "Ishikawa",
"visitors": "20"
},
{
"name": "Jiangsu",
"visitors": "19"
},
{
"name": "Niigata",
"visitors": "16"
},
{
"name": "Mie",
"visitors": "16"
},
{
"name": "Shiga",
"visitors": "15"
},
{
"name": "Yamagata",
"visitors": "14"
},
{
"name": "Fukushima",
"visitors": "14"
},
{
"name": "Nara",
"visitors": "14"
},
{
"name": "Tokushima",
"visitors": "14"
},
{
"name": "Zhejiang",
"visitors": "13"
},
{
"name": "Toyama",
"visitors": "13"
},
{
"name": "Okayama",
"visitors": "13"
},
{
"name": "Ehime",
"visitors": "13"
},
{
"name": "Kumamoto",
"visitors": "12"
},
{
"name": "Gunma",
"visitors": "11"
},
{
"name": "Kagawa",
"visitors": "11"
},
{
"name": "Shandong",
"visitors": "10"
},
{
"name": "Nagasaki",
"visitors": "10"
},
{
"name": "Miyazaki",
"visitors": "10"
},
{
"name": "Sichuan",
"visitors": "9"
},
{
"name": "Fukui",
"visitors": "9"
},
{
"name": "Wakayama",
"visitors": "9"
},
{
"name": "Shimane",
"visitors": "9"
},
{
"name": "Saga",
"visitors": "8"
},
{
"name": "Aomori",
"visitors": "7"
},
{
"name": "Henan",
"visitors": "6"
},
{
"name": "Kochi",
"visitors": "6"
},
{
"name": "California",
"visitors": "6"
},
{
"name": "Hunan",
"visitors": "5"
},
{
"name": "Shanghai",
"visitors": "5"
},
{
"name": "England",
"visitors": "5"
},
{
"name": "Iwate",
"visitors": "5"
},
{
"name": "Yamanashi",
"visitors": "5"
},
{
"name": "Yamaguchi",
"visitors": "5"
},
{
"name": "Kagoshima",
"visitors": "5"
},
{
"name": "Illinois",
"visitors": "5"
},
{
"name": "Chongqing",
"visitors": "4"
},
{
"name": "Liaoning",
"visitors": "4"
},
{
"name": "Akita",
"visitors": "4"
},
{
"name": "Tottori",
"visitors": "4"
},
{
"name": "Oita",
"visitors": "4"
},
{
"name": "Okinawa",
"visitors": "4"
},
{
"name": "New Taipei",
"visitors": "4"
},
{
"name": "Washington",
"visitors": "4"
},
{
"name": "Beijing",
"visitors": "3"
},
{
"name": "Fujian",
"visitors": "3"
},
{
"name": "Gansu",
"visitors": "3"
},
{
"name": "Hubei",
"visitors": "3"
},
{
"name": "Himachal Pradesh",
"visitors": "3"
},
{
"name": "Gyeonggi",
"visitors": "3"
},
{
"name": "Bangkok",
"visitors": "3"
},
{
"name": "Taipei",
"visitors": "3"
},
{
"name": "Virginia",
"visitors": "3"
},
{
"name": "Ho Chi Minh City",
"visitors": "3"
},
{
"name": "Mato Grosso do Sul",
"visitors": "2"
},
{
"name": "Hebei",
"visitors": "2"
},
{
"name": "Xinjiang",
"visitors": "2"
},
{
"name": "Telang\u0101na",
"visitors": "2"
},
{
"name": "South Chungcheong",
"visitors": "2"
},
{
"name": "Kuala Lumpur",
"visitors": "2"
},
{
"name": "Cordillera Administrative",
"visitors": "2"
},
{
"name": "Hsinchu County",
"visitors": "2"
},
{
"name": "North Carolina",
"visitors": "2"
},
{
"name": "Hanoi",
"visitors": "2"
},
{
"name": "Vienna",
"visitors": "1"
},
{
"name": "Ontario",
"visitors": "1"
},
{
"name": "Anhui",
"visitors": "1"
},
{
"name": "Guizhou",
"visitors": "1"
},
{
"name": "Jilin",
"visitors": "1"
},
{
"name": "Ningxia",
"visitors": "1"
},
{
"name": "Shaanxi",
"visitors": "1"
},
{
"name": "Shanxi",
"visitors": "1"
},
{
"name": "Tianjin",
"visitors": "1"
},
{
"name": "Baden-W\u00fcrttemberg",
"visitors": "1"
},
{
"name": "Thuringia",
"visitors": "1"
},
{
"name": "Addis Ababa",
"visitors": "1"
},
{
"name": "Auvergne-Rh\u00f4ne-Alpes",
"visitors": "1"
},
{
"name": "Wales",
"visitors": "1"
},
{
"name": "Jakarta",
"visitors": "1"
},
{
"name": "Delhi",
"visitors": "1"
},
{
"name": "Maharashtra",
"visitors": "1"
},
{
"name": "North Holland",
"visitors": "1"
},
{
"name": "Oslo",
"visitors": "1"
},
{
"name": "Lesser Poland",
"visitors": "1"
},
{
"name": "Kemerovo",
"visitors": "1"
},
{
"name": "Khabarovsk Krai",
"visitors": "1"
},
{
"name": "Novosibirsk",
"visitors": "1"
},
{
"name": "Norrbotten",
"visitors": "1"
},
{
"name": "Cherkashchyna",
"visitors": "1"
},
{
"name": "Colorado",
"visitors": "1"
},
{
"name": "Can Tho",
"visitors": "1"
}
]