[
{
"name": "Tokyo",
"visitors": "137"
},
{
"name": "Kanagawa",
"visitors": "20"
},
{
"name": "Chiba",
"visitors": "16"
},
{
"name": "Osaka",
"visitors": "13"
},
{
"name": "Saitama",
"visitors": "12"
},
{
"name": "Aichi",
"visitors": "4"
},
{
"name": "Hyogo",
"visitors": "4"
},
{
"name": "Fukuoka",
"visitors": "3"
},
{
"name": "Santiago Metropolitan",
"visitors": "2"
},
{
"name": "Bavaria",
"visitors": "2"
},
{
"name": "Hokkaido",
"visitors": "2"
},
{
"name": "Miyagi",
"visitors": "2"
},
{
"name": "Ibaraki",
"visitors": "2"
},
{
"name": "Tochigi",
"visitors": "2"
},
{
"name": "Niigata",
"visitors": "2"
},
{
"name": "Kyoto",
"visitors": "2"
},
{
"name": "Kumamoto",
"visitors": "2"
},
{
"name": "Okinawa",
"visitors": "2"
},
{
"name": "Beijing",
"visitors": "1"
},
{
"name": "Distrito Nacional",
"visitors": "1"
},
{
"name": "Fukui",
"visitors": "1"
},
{
"name": "Shizuoka",
"visitors": "1"
},
{
"name": "Tottori",
"visitors": "1"
},
{
"name": "Shimane",
"visitors": "1"
},
{
"name": "Tokushima",
"visitors": "1"
},
{
"name": "Nagasaki",
"visitors": "1"
}
]