[
{
"name": "Tokyo",
"visitors": "1523"
},
{
"name": "Osaka",
"visitors": "441"
},
{
"name": "Kanagawa",
"visitors": "230"
},
{
"name": "Saitama",
"visitors": "158"
},
{
"name": "Aichi",
"visitors": "156"
},
{
"name": "Chiba",
"visitors": "149"
},
{
"name": "Fukuoka",
"visitors": "84"
},
{
"name": "Hebei",
"visitors": "70"
},
{
"name": "Hyogo",
"visitors": "70"
},
{
"name": "Kyoto",
"visitors": "59"
},
{
"name": "Hokkaido",
"visitors": "58"
},
{
"name": "Shizuoka",
"visitors": "55"
},
{
"name": "Guangdong",
"visitors": "45"
},
{
"name": "Ibaraki",
"visitors": "37"
},
{
"name": "Sichuan",
"visitors": "30"
},
{
"name": "Tochigi",
"visitors": "30"
},
{
"name": "Zhejiang",
"visitors": "26"
},
{
"name": "Miyagi",
"visitors": "26"
},
{
"name": "Jiangsu",
"visitors": "24"
},
{
"name": "Hiroshima",
"visitors": "23"
},
{
"name": "Okinawa",
"visitors": "21"
},
{
"name": "Shandong",
"visitors": "20"
},
{
"name": "Shanghai",
"visitors": "20"
},
{
"name": "Okayama",
"visitors": "19"
},
{
"name": "Ishikawa",
"visitors": "17"
},
{
"name": "Tokushima",
"visitors": "17"
},
{
"name": "Niigata",
"visitors": "16"
},
{
"name": "Nagano",
"visitors": "16"
},
{
"name": "Henan",
"visitors": "15"
},
{
"name": "Toyama",
"visitors": "14"
},
{
"name": "Liaoning",
"visitors": "13"
},
{
"name": "Yamagata",
"visitors": "12"
},
{
"name": "Ehime",
"visitors": "12"
},
{
"name": "Hubei",
"visitors": "11"
},
{
"name": "Gunma",
"visitors": "11"
},
{
"name": "Kumamoto",
"visitors": "11"
},
{
"name": "Gansu",
"visitors": "10"
},
{
"name": "Fukushima",
"visitors": "10"
},
{
"name": "Gifu",
"visitors": "10"
},
{
"name": "Nara",
"visitors": "10"
},
{
"name": "Tottori",
"visitors": "10"
},
{
"name": "Yamaguchi",
"visitors": "10"
},
{
"name": "Chongqing",
"visitors": "9"
},
{
"name": "Mie",
"visitors": "9"
},
{
"name": "Shiga",
"visitors": "9"
},
{
"name": "Kagawa",
"visitors": "9"
},
{
"name": "California",
"visitors": "9"
},
{
"name": "Beijing",
"visitors": "8"
},
{
"name": "Tianjin",
"visitors": "8"
},
{
"name": "Yamanashi",
"visitors": "8"
},
{
"name": "Nagasaki",
"visitors": "8"
},
{
"name": "Hunan",
"visitors": "7"
},
{
"name": "Akita",
"visitors": "7"
},
{
"name": "Shimane",
"visitors": "7"
},
{
"name": "Saga",
"visitors": "7"
},
{
"name": "Miyazaki",
"visitors": "7"
},
{
"name": "Kagoshima",
"visitors": "7"
},
{
"name": "Shaanxi",
"visitors": "6"
},
{
"name": "Oita",
"visitors": "6"
},
{
"name": "Aomori",
"visitors": "5"
},
{
"name": "Iwate",
"visitors": "5"
},
{
"name": "Fujian",
"visitors": "4"
},
{
"name": "Yunnan",
"visitors": "4"
},
{
"name": "Uttar Pradesh",
"visitors": "4"
},
{
"name": "Wakayama",
"visitors": "4"
},
{
"name": "Anhui",
"visitors": "3"
},
{
"name": "Hainan",
"visitors": "3"
},
{
"name": "Xinjiang",
"visitors": "3"
},
{
"name": "Jilin",
"visitors": "2"
},
{
"name": "Jiangxi",
"visitors": "2"
},
{
"name": "Shanxi",
"visitors": "2"
},
{
"name": "Auvergne-Rh\u00f4ne-Alpes",
"visitors": "2"
},
{
"name": "Tamil Nadu",
"visitors": "2"
},
{
"name": "Fukui",
"visitors": "2"
},
{
"name": "Seoul",
"visitors": "2"
},
{
"name": "Nordland",
"visitors": "2"
},
{
"name": "Riyadh",
"visitors": "2"
},
{
"name": "Mykolayivschyna",
"visitors": "2"
},
{
"name": "Illinois",
"visitors": "2"
},
{
"name": "North Carolina",
"visitors": "2"
},
{
"name": "New York",
"visitors": "2"
},
{
"name": "Hanoi",
"visitors": "2"
},
{
"name": "Geneva",
"visitors": "1"
},
{
"name": "Santiago Metropolitan",
"visitors": "1"
},
{
"name": "Guangxi",
"visitors": "1"
},
{
"name": "Guizhou",
"visitors": "1"
},
{
"name": "Heilongjiang",
"visitors": "1"
},
{
"name": "Hamburg",
"visitors": "1"
},
{
"name": "Wales",
"visitors": "1"
},
{
"name": "Greater Accra",
"visitors": "1"
},
{
"name": "Delhi",
"visitors": "1"
},
{
"name": "Telang\u0101na",
"visitors": "1"
},
{
"name": "Lombardy",
"visitors": "1"
},
{
"name": "Tuscany",
"visitors": "1"
},
{
"name": "Apulia",
"visitors": "1"
},
{
"name": "Kochi",
"visitors": "1"
},
{
"name": "Astana",
"visitors": "1"
},
{
"name": "Beograd",
"visitors": "1"
},
{
"name": "Bangkok",
"visitors": "1"
},
{
"name": "Taichung",
"visitors": "1"
},
{
"name": "Colorado",
"visitors": "1"
},
{
"name": "South Carolina",
"visitors": "1"
},
{
"name": "Texas",
"visitors": "1"
},
{
"name": "Washington",
"visitors": "1"
},
{
"name": "Da Nang",
"visitors": "1"
},
{
"name": "Haiphong",
"visitors": "1"
},
{
"name": "Ho Chi Minh City",
"visitors": "1"
}
]