[
{
"name": "Seoul",
"visitors": "323"
},
{
"name": "Gyeonggi",
"visitors": "189"
},
{
"name": "Hebei",
"visitors": "57"
},
{
"name": "Shandong",
"visitors": "35"
},
{
"name": "Incheon",
"visitors": "25"
},
{
"name": "Guangdong",
"visitors": "24"
},
{
"name": "North Chungcheong",
"visitors": "20"
},
{
"name": "South Chungcheong",
"visitors": "20"
},
{
"name": "Daejeon",
"visitors": "19"
},
{
"name": "Beijing",
"visitors": "18"
},
{
"name": "Daegu",
"visitors": "18"
},
{
"name": "Henan",
"visitors": "16"
},
{
"name": "Busan",
"visitors": "16"
},
{
"name": "Jiangsu",
"visitors": "15"
},
{
"name": "Zhejiang",
"visitors": "14"
},
{
"name": "Gwangju City",
"visitors": "14"
},
{
"name": "Shanghai",
"visitors": "13"
},
{
"name": "North Gyeongsang",
"visitors": "12"
},
{
"name": "South Gyeongsang",
"visitors": "12"
},
{
"name": "Sichuan",
"visitors": "11"
},
{
"name": "Gangwon",
"visitors": "10"
},
{
"name": "Fujian",
"visitors": "8"
},
{
"name": "Tokyo",
"visitors": "6"
},
{
"name": "Anhui",
"visitors": "5"
},
{
"name": "Hunan",
"visitors": "5"
},
{
"name": "Tianjin",
"visitors": "5"
},
{
"name": "Ulsan",
"visitors": "5"
},
{
"name": "North Jeolla",
"visitors": "5"
},
{
"name": "Sejong",
"visitors": "5"
},
{
"name": "Gansu",
"visitors": "4"
},
{
"name": "Liaoning",
"visitors": "4"
},
{
"name": "Shaanxi",
"visitors": "4"
},
{
"name": "Shanxi",
"visitors": "4"
},
{
"name": "Jeju",
"visitors": "4"
},
{
"name": "Ho Chi Minh City",
"visitors": "4"
},
{
"name": "Hanoi",
"visitors": "3"
},
{
"name": "Vienna",
"visitors": "2"
},
{
"name": "Chongqing",
"visitors": "2"
},
{
"name": "Guizhou",
"visitors": "2"
},
{
"name": "Hubei",
"visitors": "2"
},
{
"name": "Jilin",
"visitors": "2"
},
{
"name": "Saitama",
"visitors": "2"
},
{
"name": "Osaka",
"visitors": "2"
},
{
"name": "South Jeolla",
"visitors": "2"
},
{
"name": "Province 3",
"visitors": "2"
},
{
"name": "Queensland",
"visitors": "1"
},
{
"name": "Littoral",
"visitors": "1"
},
{
"name": "Hainan",
"visitors": "1"
},
{
"name": "Yunnan",
"visitors": "1"
},
{
"name": "North Rhine-Westphalia",
"visitors": "1"
},
{
"name": "Banten",
"visitors": "1"
},
{
"name": "Telang\u0101na",
"visitors": "1"
},
{
"name": "Hormozgan",
"visitors": "1"
},
{
"name": "Western Visayas",
"visitors": "1"
},
{
"name": "Georgia",
"visitors": "1"
},
{
"name": "Massachusetts",
"visitors": "1"
},
{
"name": "Oregon",
"visitors": "1"
},
{
"name": "Utah",
"visitors": "1"
},
{
"name": "Da Nang",
"visitors": "1"
},
{
"name": "Haiphong",
"visitors": "1"
}
]