[
{
"name": "Tokyo",
"visitors": "1966"
},
{
"name": "Osaka",
"visitors": "408"
},
{
"name": "Kanagawa",
"visitors": "289"
},
{
"name": "Aichi",
"visitors": "185"
},
{
"name": "Chiba",
"visitors": "172"
},
{
"name": "Saitama",
"visitors": "162"
},
{
"name": "Hyogo",
"visitors": "95"
},
{
"name": "Fukuoka",
"visitors": "81"
},
{
"name": "Hokkaido",
"visitors": "80"
},
{
"name": "Okayama",
"visitors": "59"
},
{
"name": "Kyoto",
"visitors": "57"
},
{
"name": "Ibaraki",
"visitors": "56"
},
{
"name": "Shizuoka",
"visitors": "50"
},
{
"name": "Nagano",
"visitors": "45"
},
{
"name": "Guangdong",
"visitors": "37"
},
{
"name": "Jiangsu",
"visitors": "36"
},
{
"name": "Gunma",
"visitors": "35"
},
{
"name": "Shanghai",
"visitors": "25"
},
{
"name": "Miyagi",
"visitors": "23"
},
{
"name": "Niigata",
"visitors": "22"
},
{
"name": "Hiroshima",
"visitors": "21"
},
{
"name": "Ishikawa",
"visitors": "19"
},
{
"name": "Gifu",
"visitors": "19"
},
{
"name": "Tochigi",
"visitors": "18"
},
{
"name": "Nara",
"visitors": "17"
},
{
"name": "Kumamoto",
"visitors": "17"
},
{
"name": "Shiga",
"visitors": "16"
},
{
"name": "Zhejiang",
"visitors": "15"
},
{
"name": "Fukui",
"visitors": "14"
},
{
"name": "Toyama",
"visitors": "12"
},
{
"name": "Tokushima",
"visitors": "12"
},
{
"name": "Ehime",
"visitors": "12"
},
{
"name": "Miyazaki",
"visitors": "12"
},
{
"name": "Fukushima",
"visitors": "11"
},
{
"name": "Yamaguchi",
"visitors": "11"
},
{
"name": "Oita",
"visitors": "11"
},
{
"name": "Mie",
"visitors": "10"
},
{
"name": "Kagawa",
"visitors": "10"
},
{
"name": "Okinawa",
"visitors": "10"
},
{
"name": "Sichuan",
"visitors": "9"
},
{
"name": "Yamagata",
"visitors": "9"
},
{
"name": "Shimane",
"visitors": "9"
},
{
"name": "Kochi",
"visitors": "9"
},
{
"name": "Wakayama",
"visitors": "8"
},
{
"name": "Henan",
"visitors": "7"
},
{
"name": "Yamanashi",
"visitors": "7"
},
{
"name": "Yunnan",
"visitors": "6"
},
{
"name": "Kagoshima",
"visitors": "6"
},
{
"name": "Beijing",
"visitors": "5"
},
{
"name": "Hubei",
"visitors": "5"
},
{
"name": "Hunan",
"visitors": "5"
},
{
"name": "Liaoning",
"visitors": "5"
},
{
"name": "Aomori",
"visitors": "5"
},
{
"name": "Akita",
"visitors": "5"
},
{
"name": "Anhui",
"visitors": "4"
},
{
"name": "Fujian",
"visitors": "4"
},
{
"name": "Tottori",
"visitors": "4"
},
{
"name": "Nagasaki",
"visitors": "4"
},
{
"name": "Hebei",
"visitors": "3"
},
{
"name": "Heilongjiang",
"visitors": "3"
},
{
"name": "Iwate",
"visitors": "3"
},
{
"name": "Saga",
"visitors": "3"
},
{
"name": "California",
"visitors": "3"
},
{
"name": "Vienna",
"visitors": "2"
},
{
"name": "Brussels",
"visitors": "2"
},
{
"name": "Chongqing",
"visitors": "2"
},
{
"name": "Guangxi",
"visitors": "2"
},
{
"name": "Jiangxi",
"visitors": "2"
},
{
"name": "Shandong",
"visitors": "2"
},
{
"name": "Shaanxi",
"visitors": "2"
},
{
"name": "Shanxi",
"visitors": "2"
},
{
"name": "Tianjin",
"visitors": "2"
},
{
"name": "Harjumaa",
"visitors": "2"
},
{
"name": "Galicia",
"visitors": "2"
},
{
"name": "England",
"visitors": "2"
},
{
"name": "Karnataka",
"visitors": "2"
},
{
"name": "Madhya Pradesh",
"visitors": "2"
},
{
"name": "Gyeonggi",
"visitors": "2"
},
{
"name": "North Jeolla",
"visitors": "2"
},
{
"name": "Punjab",
"visitors": "2"
},
{
"name": "Mazovia",
"visitors": "2"
},
{
"name": "Subcarpathia",
"visitors": "2"
},
{
"name": "Michigan",
"visitors": "2"
},
{
"name": "New Jersey",
"visitors": "2"
},
{
"name": "Texas",
"visitors": "2"
},
{
"name": "Virginia",
"visitors": "2"
},
{
"name": "S\u00e3o Paulo",
"visitors": "1"
},
{
"name": "Geneva",
"visitors": "1"
},
{
"name": "Gansu",
"visitors": "1"
},
{
"name": "Guizhou",
"visitors": "1"
},
{
"name": "Capital District",
"visitors": "1"
},
{
"name": "Central Bohemia",
"visitors": "1"
},
{
"name": "Baden-W\u00fcrttemberg",
"visitors": "1"
},
{
"name": "Auvergne-Rh\u00f4ne-Alpes",
"visitors": "1"
},
{
"name": "Grand-Est",
"visitors": "1"
},
{
"name": "\u00cele-de-France",
"visitors": "1"
},
{
"name": "Budapest",
"visitors": "1"
},
{
"name": "Tamil Nadu",
"visitors": "1"
},
{
"name": "Uttar Pradesh",
"visitors": "1"
},
{
"name": "Lazio",
"visitors": "1"
},
{
"name": "Incheon",
"visitors": "1"
},
{
"name": "North Gyeongsang",
"visitors": "1"
},
{
"name": "Yangon",
"visitors": "1"
},
{
"name": "Taichung",
"visitors": "1"
},
{
"name": "Central",
"visitors": "1"
},
{
"name": "Colorado",
"visitors": "1"
},
{
"name": "Georgia",
"visitors": "1"
},
{
"name": "Hawaii",
"visitors": "1"
},
{
"name": "Louisiana",
"visitors": "1"
},
{
"name": "New York",
"visitors": "1"
},
{
"name": "Washington",
"visitors": "1"
},
{
"name": "\u0110\u1ed3ng Nai",
"visitors": "1"
},
{
"name": "Hanoi",
"visitors": "1"
}
]