[
{
"name": "Tokyo",
"visitors": "1903"
},
{
"name": "Osaka",
"visitors": "443"
},
{
"name": "Kanagawa",
"visitors": "296"
},
{
"name": "Aichi",
"visitors": "179"
},
{
"name": "Chiba",
"visitors": "160"
},
{
"name": "Saitama",
"visitors": "155"
},
{
"name": "Hyogo",
"visitors": "97"
},
{
"name": "Fukuoka",
"visitors": "85"
},
{
"name": "Hokkaido",
"visitors": "84"
},
{
"name": "Kyoto",
"visitors": "71"
},
{
"name": "Ibaraki",
"visitors": "68"
},
{
"name": "Shizuoka",
"visitors": "42"
},
{
"name": "Niigata",
"visitors": "34"
},
{
"name": "Miyagi",
"visitors": "32"
},
{
"name": "Gifu",
"visitors": "24"
},
{
"name": "Shiga",
"visitors": "23"
},
{
"name": "Nagano",
"visitors": "21"
},
{
"name": "Hiroshima",
"visitors": "21"
},
{
"name": "Miyazaki",
"visitors": "19"
},
{
"name": "Tochigi",
"visitors": "18"
},
{
"name": "Mie",
"visitors": "18"
},
{
"name": "Kumamoto",
"visitors": "18"
},
{
"name": "Fukushima",
"visitors": "16"
},
{
"name": "Ishikawa",
"visitors": "16"
},
{
"name": "Guangdong",
"visitors": "15"
},
{
"name": "Gunma",
"visitors": "15"
},
{
"name": "Sichuan",
"visitors": "14"
},
{
"name": "Nara",
"visitors": "14"
},
{
"name": "Shandong",
"visitors": "13"
},
{
"name": "Henan",
"visitors": "12"
},
{
"name": "Yamagata",
"visitors": "12"
},
{
"name": "Kagawa",
"visitors": "12"
},
{
"name": "Shaanxi",
"visitors": "11"
},
{
"name": "Oita",
"visitors": "11"
},
{
"name": "Shanghai",
"visitors": "10"
},
{
"name": "Okayama",
"visitors": "10"
},
{
"name": "Kochi",
"visitors": "10"
},
{
"name": "Kagoshima",
"visitors": "10"
},
{
"name": "Okinawa",
"visitors": "10"
},
{
"name": "Zhejiang",
"visitors": "8"
},
{
"name": "Toyama",
"visitors": "8"
},
{
"name": "Shimane",
"visitors": "8"
},
{
"name": "Fujian",
"visitors": "7"
},
{
"name": "Yamaguchi",
"visitors": "7"
},
{
"name": "Tokushima",
"visitors": "7"
},
{
"name": "Jiangsu",
"visitors": "6"
},
{
"name": "Akita",
"visitors": "6"
},
{
"name": "Wakayama",
"visitors": "6"
},
{
"name": "Ehime",
"visitors": "6"
},
{
"name": "Beijing",
"visitors": "5"
},
{
"name": "Hunan",
"visitors": "4"
},
{
"name": "Tianjin",
"visitors": "4"
},
{
"name": "Iwate",
"visitors": "4"
},
{
"name": "Saga",
"visitors": "4"
},
{
"name": "Gyeonggi",
"visitors": "4"
},
{
"name": "Chongqing",
"visitors": "3"
},
{
"name": "Shanxi",
"visitors": "3"
},
{
"name": "Xinjiang",
"visitors": "3"
},
{
"name": "Yamanashi",
"visitors": "3"
},
{
"name": "Tottori",
"visitors": "3"
},
{
"name": "California",
"visitors": "3"
},
{
"name": "S\u00e3o Paulo",
"visitors": "2"
},
{
"name": "Alberta",
"visitors": "2"
},
{
"name": "British Columbia",
"visitors": "2"
},
{
"name": "Anhui",
"visitors": "2"
},
{
"name": "Gansu",
"visitors": "2"
},
{
"name": "Guizhou",
"visitors": "2"
},
{
"name": "Hubei",
"visitors": "2"
},
{
"name": "Liaoning",
"visitors": "2"
},
{
"name": "Prague",
"visitors": "2"
},
{
"name": "Auvergne-Rh\u00f4ne-Alpes",
"visitors": "2"
},
{
"name": "Kwai Tsing New Territories",
"visitors": "2"
},
{
"name": "Lombardy",
"visitors": "2"
},
{
"name": "Liguria",
"visitors": "2"
},
{
"name": "Aomori",
"visitors": "2"
},
{
"name": "Fukui",
"visitors": "2"
},
{
"name": "Nagasaki",
"visitors": "2"
},
{
"name": "Busan",
"visitors": "2"
},
{
"name": "Jalisco",
"visitors": "2"
},
{
"name": "Michoac\u00e1n",
"visitors": "2"
},
{
"name": "Khabarovsk Krai",
"visitors": "2"
},
{
"name": "Moscow",
"visitors": "2"
},
{
"name": "Bangkok",
"visitors": "2"
},
{
"name": "Florida",
"visitors": "2"
},
{
"name": "Iowa",
"visitors": "2"
},
{
"name": "Oregon",
"visitors": "2"
},
{
"name": "Ho Chi Minh City",
"visitors": "2"
},
{
"name": "Vienna",
"visitors": "1"
},
{
"name": "Pernambuco",
"visitors": "1"
},
{
"name": "Hebei",
"visitors": "1"
},
{
"name": "Jiangxi",
"visitors": "1"
},
{
"name": "Ningxia",
"visitors": "1"
},
{
"name": "Yunnan",
"visitors": "1"
},
{
"name": "Berlin",
"visitors": "1"
},
{
"name": "Catalonia",
"visitors": "1"
},
{
"name": "Leinster",
"visitors": "1"
},
{
"name": "Gujarat",
"visitors": "1"
},
{
"name": "Maharashtra",
"visitors": "1"
},
{
"name": "Madhya Pradesh",
"visitors": "1"
},
{
"name": "West Bengal",
"visitors": "1"
},
{
"name": "Veneto",
"visitors": "1"
},
{
"name": "Incheon",
"visitors": "1"
},
{
"name": "Selangor",
"visitors": "1"
},
{
"name": "North Holland",
"visitors": "1"
},
{
"name": "Mazovia",
"visitors": "1"
},
{
"name": "V\u00e2lcea",
"visitors": "1"
},
{
"name": "Arkhangelsk",
"visitors": "1"
},
{
"name": "Krasnodar Krai",
"visitors": "1"
},
{
"name": "Nakhon Ratchasima",
"visitors": "1"
},
{
"name": "New Taipei",
"visitors": "1"
},
{
"name": "Colorado",
"visitors": "1"
},
{
"name": "Louisiana",
"visitors": "1"
},
{
"name": "New York",
"visitors": "1"
},
{
"name": "Pennsylvania",
"visitors": "1"
},
{
"name": "Texas",
"visitors": "1"
},
{
"name": "Virginia",
"visitors": "1"
},
{
"name": "Washington",
"visitors": "1"
},
{
"name": "Ph\u00fa Th\u1ecd",
"visitors": "1"
}
]