[
{
"name": "Tokyo",
"visitors": "31"
},
{
"name": "Osaka",
"visitors": "14"
},
{
"name": "Aichi",
"visitors": "11"
},
{
"name": "Kanagawa",
"visitors": "9"
},
{
"name": "Saitama",
"visitors": "6"
},
{
"name": "Shiga",
"visitors": "5"
},
{
"name": "Jiangsu",
"visitors": "4"
},
{
"name": "Hokkaido",
"visitors": "4"
},
{
"name": "Okayama",
"visitors": "4"
},
{
"name": "Oregon",
"visitors": "4"
},
{
"name": "Zhejiang",
"visitors": "2"
},
{
"name": "England",
"visitors": "2"
},
{
"name": "Chiba",
"visitors": "2"
},
{
"name": "Hiroshima",
"visitors": "2"
},
{
"name": "Riyadh",
"visitors": "2"
},
{
"name": "Henan",
"visitors": "1"
},
{
"name": "Sichuan",
"visitors": "1"
},
{
"name": "Tianjin",
"visitors": "1"
},
{
"name": "Prague",
"visitors": "1"
},
{
"name": "East Java",
"visitors": "1"
},
{
"name": "Aomori",
"visitors": "1"
},
{
"name": "Miyagi",
"visitors": "1"
},
{
"name": "Ibaraki",
"visitors": "1"
},
{
"name": "Tochigi",
"visitors": "1"
},
{
"name": "Ishikawa",
"visitors": "1"
},
{
"name": "Fukui",
"visitors": "1"
},
{
"name": "Shizuoka",
"visitors": "1"
},
{
"name": "Kyoto",
"visitors": "1"
},
{
"name": "Hyogo",
"visitors": "1"
},
{
"name": "Tokushima",
"visitors": "1"
},
{
"name": "Fukuoka",
"visitors": "1"
},
{
"name": "Okinawa",
"visitors": "1"
},
{
"name": "California",
"visitors": "1"
},
{
"name": "Iowa",
"visitors": "1"
}
]