[
{
"name": "Guangdong",
"visitors": "185"
},
{
"name": "Jiangsu",
"visitors": "146"
},
{
"name": "Hebei",
"visitors": "114"
},
{
"name": "Mazovia",
"visitors": "97"
},
{
"name": "Chongqing",
"visitors": "95"
},
{
"name": "Zhejiang",
"visitors": "78"
},
{
"name": "Liaoning",
"visitors": "55"
},
{
"name": "Shanghai",
"visitors": "41"
},
{
"name": "Greater Poland",
"visitors": "41"
},
{
"name": "Lesser Poland",
"visitors": "38"
},
{
"name": "Lower Silesia",
"visitors": "34"
},
{
"name": "Pomerania",
"visitors": "32"
},
{
"name": "Fujian",
"visitors": "25"
},
{
"name": "\u0141\u00f3d\u017a",
"visitors": "20"
},
{
"name": "Silesia",
"visitors": "18"
},
{
"name": "Kuyavia-Pomerania",
"visitors": "14"
},
{
"name": "Subcarpathia",
"visitors": "13"
},
{
"name": "Lublin",
"visitors": "12"
},
{
"name": "Anhui",
"visitors": "10"
},
{
"name": "Henan",
"visitors": "6"
},
{
"name": "Shandong",
"visitors": "6"
},
{
"name": "Podlachia",
"visitors": "5"
},
{
"name": "Tianjin",
"visitors": "4"
},
{
"name": "Hubei",
"visitors": "3"
},
{
"name": "Lubusz",
"visitors": "3"
},
{
"name": "Warmia-Masuria",
"visitors": "3"
},
{
"name": "Stockholm",
"visitors": "3"
},
{
"name": "Esp\u00edrito Santo",
"visitors": "2"
},
{
"name": "Beijing",
"visitors": "2"
},
{
"name": "Sichuan",
"visitors": "2"
},
{
"name": "Lower Saxony",
"visitors": "2"
},
{
"name": "Himachal Pradesh",
"visitors": "2"
},
{
"name": "Holy Cross",
"visitors": "2"
},
{
"name": "Khabarovsk Krai",
"visitors": "2"
},
{
"name": "Bangkok",
"visitors": "2"
},
{
"name": "Kyiv",
"visitors": "2"
},
{
"name": "Western Australia",
"visitors": "1"
},
{
"name": "Nidwalden",
"visitors": "1"
},
{
"name": "Z\u00fcrich",
"visitors": "1"
},
{
"name": "Heilongjiang",
"visitors": "1"
},
{
"name": "Hunan",
"visitors": "1"
},
{
"name": "Jiangxi",
"visitors": "1"
},
{
"name": "Shanxi",
"visitors": "1"
},
{
"name": "Prague",
"visitors": "1"
},
{
"name": "Mecklenburg-Vorpommern",
"visitors": "1"
},
{
"name": "Schleswig-Holstein",
"visitors": "1"
},
{
"name": "Budapest",
"visitors": "1"
},
{
"name": "Tel Aviv",
"visitors": "1"
},
{
"name": "West Bengal",
"visitors": "1"
},
{
"name": "Seoul",
"visitors": "1"
},
{
"name": "Liep\u0101ja",
"visitors": "1"
},
{
"name": "Oslo",
"visitors": "1"
},
{
"name": "Opole",
"visitors": "1"
},
{
"name": "West Pomerania",
"visitors": "1"
},
{
"name": "Krasnodar Krai",
"visitors": "1"
},
{
"name": "Novosibirsk",
"visitors": "1"
},
{
"name": "California",
"visitors": "1"
},
{
"name": "Texas",
"visitors": "1"
},
{
"name": "Utah",
"visitors": "1"
}
]