[
{
"name": "Tokyo",
"visitors": "1449"
},
{
"name": "Osaka",
"visitors": "405"
},
{
"name": "Kanagawa",
"visitors": "247"
},
{
"name": "Chiba",
"visitors": "132"
},
{
"name": "Aichi",
"visitors": "128"
},
{
"name": "Saitama",
"visitors": "124"
},
{
"name": "Hebei",
"visitors": "88"
},
{
"name": "Fukuoka",
"visitors": "77"
},
{
"name": "Hyogo",
"visitors": "72"
},
{
"name": "Hokkaido",
"visitors": "59"
},
{
"name": "Kyoto",
"visitors": "47"
},
{
"name": "Ibaraki",
"visitors": "42"
},
{
"name": "Miyagi",
"visitors": "37"
},
{
"name": "Shizuoka",
"visitors": "36"
},
{
"name": "Jiangsu",
"visitors": "29"
},
{
"name": "Guangdong",
"visitors": "28"
},
{
"name": "Nagano",
"visitors": "27"
},
{
"name": "Tochigi",
"visitors": "26"
},
{
"name": "Tokushima",
"visitors": "23"
},
{
"name": "Okayama",
"visitors": "22"
},
{
"name": "Henan",
"visitors": "21"
},
{
"name": "Shandong",
"visitors": "20"
},
{
"name": "Niigata",
"visitors": "20"
},
{
"name": "Hiroshima",
"visitors": "20"
},
{
"name": "Zhejiang",
"visitors": "18"
},
{
"name": "Shanghai",
"visitors": "17"
},
{
"name": "Gifu",
"visitors": "17"
},
{
"name": "Sichuan",
"visitors": "15"
},
{
"name": "Toyama",
"visitors": "14"
},
{
"name": "Gunma",
"visitors": "12"
},
{
"name": "Tianjin",
"visitors": "11"
},
{
"name": "Liaoning",
"visitors": "10"
},
{
"name": "Mie",
"visitors": "10"
},
{
"name": "Shimane",
"visitors": "10"
},
{
"name": "Yamagata",
"visitors": "9"
},
{
"name": "Fukushima",
"visitors": "9"
},
{
"name": "Ishikawa",
"visitors": "9"
},
{
"name": "Nara",
"visitors": "9"
},
{
"name": "Nagasaki",
"visitors": "9"
},
{
"name": "Okinawa",
"visitors": "9"
},
{
"name": "Hunan",
"visitors": "8"
},
{
"name": "Ehime",
"visitors": "8"
},
{
"name": "Kagoshima",
"visitors": "8"
},
{
"name": "California",
"visitors": "8"
},
{
"name": "Beijing",
"visitors": "7"
},
{
"name": "Fukui",
"visitors": "7"
},
{
"name": "Oita",
"visitors": "7"
},
{
"name": "Fujian",
"visitors": "6"
},
{
"name": "Aomori",
"visitors": "6"
},
{
"name": "Iwate",
"visitors": "6"
},
{
"name": "Yamanashi",
"visitors": "6"
},
{
"name": "Shiga",
"visitors": "6"
},
{
"name": "Kagawa",
"visitors": "6"
},
{
"name": "Jiangxi",
"visitors": "5"
},
{
"name": "Shaanxi",
"visitors": "5"
},
{
"name": "Wakayama",
"visitors": "5"
},
{
"name": "Kumamoto",
"visitors": "5"
},
{
"name": "Miyazaki",
"visitors": "5"
},
{
"name": "Chongqing",
"visitors": "4"
},
{
"name": "England",
"visitors": "4"
},
{
"name": "Karnataka",
"visitors": "4"
},
{
"name": "Tottori",
"visitors": "4"
},
{
"name": "Anhui",
"visitors": "3"
},
{
"name": "Akita",
"visitors": "3"
},
{
"name": "Saga",
"visitors": "3"
},
{
"name": "Texas",
"visitors": "3"
},
{
"name": "Far North",
"visitors": "2"
},
{
"name": "Heilongjiang",
"visitors": "2"
},
{
"name": "Jilin",
"visitors": "2"
},
{
"name": "Shanxi",
"visitors": "2"
},
{
"name": "Yunnan",
"visitors": "2"
},
{
"name": "Cairo",
"visitors": "2"
},
{
"name": "Seoul",
"visitors": "2"
},
{
"name": "Saint Petersburg",
"visitors": "2"
},
{
"name": "Chiang Mai",
"visitors": "2"
},
{
"name": "Taipei",
"visitors": "2"
},
{
"name": "Colorado",
"visitors": "2"
},
{
"name": "Massachusetts",
"visitors": "2"
},
{
"name": "New York",
"visitors": "2"
},
{
"name": "Virginia",
"visitors": "2"
},
{
"name": "Tashkent",
"visitors": "2"
},
{
"name": "Paran\u00e1",
"visitors": "1"
},
{
"name": "Gansu",
"visitors": "1"
},
{
"name": "Guangxi",
"visitors": "1"
},
{
"name": "Hubei",
"visitors": "1"
},
{
"name": "Hainan",
"visitors": "1"
},
{
"name": "Xinjiang",
"visitors": "1"
},
{
"name": "Hamburg",
"visitors": "1"
},
{
"name": "Auvergne-Rh\u00f4ne-Alpes",
"visitors": "1"
},
{
"name": "\u00cele-de-France",
"visitors": "1"
},
{
"name": "Nouvelle-Aquitaine",
"visitors": "1"
},
{
"name": "Wales",
"visitors": "1"
},
{
"name": "Kowloon City Kowloon",
"visitors": "1"
},
{
"name": "North Sumatra",
"visitors": "1"
},
{
"name": "Maharashtra",
"visitors": "1"
},
{
"name": "Tuscany",
"visitors": "1"
},
{
"name": "Yamaguchi",
"visitors": "1"
},
{
"name": "Kochi",
"visitors": "1"
},
{
"name": "Selangor",
"visitors": "1"
},
{
"name": "Tver",
"visitors": "1"
},
{
"name": "Bangkok",
"visitors": "1"
},
{
"name": "Khon Kaen",
"visitors": "1"
},
{
"name": "New Taipei",
"visitors": "1"
},
{
"name": "Taichung",
"visitors": "1"
},
{
"name": "Florida",
"visitors": "1"
},
{
"name": "Georgia",
"visitors": "1"
},
{
"name": "Oregon",
"visitors": "1"
},
{
"name": "Thanh H\u00f3a",
"visitors": "1"
},
{
"name": "Hanoi",
"visitors": "1"
},
{
"name": "Ho Chi Minh City",
"visitors": "1"
}
]