[
{
"name": "Mazovia",
"visitors": "68"
},
{
"name": "Lesser Poland",
"visitors": "37"
},
{
"name": "Silesia",
"visitors": "29"
},
{
"name": "Greater Poland",
"visitors": "29"
},
{
"name": "Lower Silesia",
"visitors": "20"
},
{
"name": "Pomerania",
"visitors": "20"
},
{
"name": "Subcarpathia",
"visitors": "16"
},
{
"name": "Zhejiang",
"visitors": "8"
},
{
"name": "Kuyavia-Pomerania",
"visitors": "6"
},
{
"name": "Warmia-Masuria",
"visitors": "6"
},
{
"name": "Opole",
"visitors": "5"
},
{
"name": "Podlachia",
"visitors": "5"
},
{
"name": "Lublin",
"visitors": "4"
},
{
"name": "\u0141\u00f3d\u017a",
"visitors": "3"
},
{
"name": "Mecklenburg-Vorpommern",
"visitors": "2"
},
{
"name": "Hunedoara",
"visitors": "2"
},
{
"name": "Novosibirsk",
"visitors": "2"
},
{
"name": "Buenos Aires Province",
"visitors": "1"
},
{
"name": "Rio Grande do Sul",
"visitors": "1"
},
{
"name": "Guizhou",
"visitors": "1"
},
{
"name": "Hubei",
"visitors": "1"
},
{
"name": "Hebei",
"visitors": "1"
},
{
"name": "Baden-W\u00fcrttemberg",
"visitors": "1"
},
{
"name": "Uusimaa",
"visitors": "1"
},
{
"name": "Budapest",
"visitors": "1"
},
{
"name": "Jakarta",
"visitors": "1"
},
{
"name": "Nineveh",
"visitors": "1"
},
{
"name": "Gyeonggi",
"visitors": "1"
},
{
"name": "Yangon",
"visitors": "1"
},
{
"name": "Selangor",
"visitors": "1"
},
{
"name": "West Pomerania",
"visitors": "1"
},
{
"name": "Moscow",
"visitors": "1"
},
{
"name": "Nizhny Novgorod",
"visitors": "1"
},
{
"name": "Kyiv",
"visitors": "1"
},
{
"name": "California",
"visitors": "1"
}
]