[
{
"name": "Tokyo",
"visitors": "410"
},
{
"name": "Kanagawa",
"visitors": "177"
},
{
"name": "Osaka",
"visitors": "132"
},
{
"name": "Guangdong",
"visitors": "96"
},
{
"name": "Aichi",
"visitors": "88"
},
{
"name": "Saitama",
"visitors": "79"
},
{
"name": "Jiangsu",
"visitors": "63"
},
{
"name": "Chiba",
"visitors": "62"
},
{
"name": "Shanghai",
"visitors": "50"
},
{
"name": "Hokkaido",
"visitors": "38"
},
{
"name": "Hyogo",
"visitors": "37"
},
{
"name": "Zhejiang",
"visitors": "29"
},
{
"name": "Ibaraki",
"visitors": "29"
},
{
"name": "Kyoto",
"visitors": "26"
},
{
"name": "Shizuoka",
"visitors": "24"
},
{
"name": "Hiroshima",
"visitors": "22"
},
{
"name": "Fukuoka",
"visitors": "21"
},
{
"name": "Hebei",
"visitors": "18"
},
{
"name": "Fukushima",
"visitors": "15"
},
{
"name": "Fujian",
"visitors": "14"
},
{
"name": "Nagano",
"visitors": "13"
},
{
"name": "Iwate",
"visitors": "12"
},
{
"name": "Tochigi",
"visitors": "12"
},
{
"name": "Nara",
"visitors": "12"
},
{
"name": "Miyagi",
"visitors": "11"
},
{
"name": "Sichuan",
"visitors": "10"
},
{
"name": "Yamaguchi",
"visitors": "10"
},
{
"name": "Okinawa",
"visitors": "10"
},
{
"name": "Niigata",
"visitors": "9"
},
{
"name": "Gifu",
"visitors": "9"
},
{
"name": "Henan",
"visitors": "8"
},
{
"name": "Nagasaki",
"visitors": "8"
},
{
"name": "Miyazaki",
"visitors": "8"
},
{
"name": "Shiga",
"visitors": "7"
},
{
"name": "Kumamoto",
"visitors": "7"
},
{
"name": "Anhui",
"visitors": "6"
},
{
"name": "Liaoning",
"visitors": "6"
},
{
"name": "Ishikawa",
"visitors": "6"
},
{
"name": "Mie",
"visitors": "6"
},
{
"name": "Kagoshima",
"visitors": "6"
},
{
"name": "Shandong",
"visitors": "5"
},
{
"name": "Gunma",
"visitors": "5"
},
{
"name": "Ehime",
"visitors": "5"
},
{
"name": "Beijing",
"visitors": "4"
},
{
"name": "Shaanxi",
"visitors": "4"
},
{
"name": "Tianjin",
"visitors": "4"
},
{
"name": "Yamagata",
"visitors": "4"
},
{
"name": "Fukui",
"visitors": "4"
},
{
"name": "Yamanashi",
"visitors": "4"
},
{
"name": "Tottori",
"visitors": "4"
},
{
"name": "Okayama",
"visitors": "4"
},
{
"name": "Kagawa",
"visitors": "4"
},
{
"name": "Oita",
"visitors": "4"
},
{
"name": "Chongqing",
"visitors": "3"
},
{
"name": "Gansu",
"visitors": "3"
},
{
"name": "Aomori",
"visitors": "3"
},
{
"name": "Toyama",
"visitors": "3"
},
{
"name": "Wakayama",
"visitors": "3"
},
{
"name": "Hunan",
"visitors": "2"
},
{
"name": "Bavaria",
"visitors": "2"
},
{
"name": "Sarawak",
"visitors": "2"
},
{
"name": "Lvivshchyna",
"visitors": "2"
},
{
"name": "Ho Chi Minh City",
"visitors": "2"
},
{
"name": "British Columbia",
"visitors": "1"
},
{
"name": "Guangxi",
"visitors": "1"
},
{
"name": "Hubei",
"visitors": "1"
},
{
"name": "Hainan",
"visitors": "1"
},
{
"name": "Jiangxi",
"visitors": "1"
},
{
"name": "Shanxi",
"visitors": "1"
},
{
"name": "Xinjiang",
"visitors": "1"
},
{
"name": "Auvergne-Rh\u00f4ne-Alpes",
"visitors": "1"
},
{
"name": "\u00cele-de-France",
"visitors": "1"
},
{
"name": "England",
"visitors": "1"
},
{
"name": "Central Macedonia",
"visitors": "1"
},
{
"name": "Jakarta",
"visitors": "1"
},
{
"name": "Bihar",
"visitors": "1"
},
{
"name": "Tamil Nadu",
"visitors": "1"
},
{
"name": "Lombardy",
"visitors": "1"
},
{
"name": "Emilia-Romagna",
"visitors": "1"
},
{
"name": "Akita",
"visitors": "1"
},
{
"name": "Tokushima",
"visitors": "1"
},
{
"name": "Kochi",
"visitors": "1"
},
{
"name": "Sihanoukville",
"visitors": "1"
},
{
"name": "Gyeonggi",
"visitors": "1"
},
{
"name": "Selangor",
"visitors": "1"
},
{
"name": "Ankara",
"visitors": "1"
},
{
"name": "California",
"visitors": "1"
},
{
"name": "New Jersey",
"visitors": "1"
},
{
"name": "Oregon",
"visitors": "1"
},
{
"name": "Virginia",
"visitors": "1"
}
]