[
{
"name": "Tokyo",
"visitors": "111"
},
{
"name": "Osaka",
"visitors": "31"
},
{
"name": "Saitama",
"visitors": "13"
},
{
"name": "Chiba",
"visitors": "13"
},
{
"name": "Kanagawa",
"visitors": "13"
},
{
"name": "Miyagi",
"visitors": "4"
},
{
"name": "Hokkaido",
"visitors": "3"
},
{
"name": "Ibaraki",
"visitors": "3"
},
{
"name": "Aichi",
"visitors": "3"
},
{
"name": "Kyoto",
"visitors": "3"
},
{
"name": "Hyogo",
"visitors": "3"
},
{
"name": "Beijing",
"visitors": "2"
},
{
"name": "Jiangsu",
"visitors": "2"
},
{
"name": "Andhra Pradesh",
"visitors": "2"
},
{
"name": "Yamagata",
"visitors": "2"
},
{
"name": "Ishikawa",
"visitors": "2"
},
{
"name": "Shizuoka",
"visitors": "2"
},
{
"name": "Hiroshima",
"visitors": "2"
},
{
"name": "Tokushima",
"visitors": "2"
},
{
"name": "Fukuoka",
"visitors": "2"
},
{
"name": "Khanty-Mansi",
"visitors": "2"
},
{
"name": "New York",
"visitors": "2"
},
{
"name": "Fujian",
"visitors": "1"
},
{
"name": "Shandong",
"visitors": "1"
},
{
"name": "Tochigi",
"visitors": "1"
},
{
"name": "Niigata",
"visitors": "1"
},
{
"name": "Yamanashi",
"visitors": "1"
},
{
"name": "Gifu",
"visitors": "1"
},
{
"name": "Nara",
"visitors": "1"
},
{
"name": "Wakayama",
"visitors": "1"
},
{
"name": "Tottori",
"visitors": "1"
},
{
"name": "Okayama",
"visitors": "1"
},
{
"name": "Kagawa",
"visitors": "1"
},
{
"name": "Ehime",
"visitors": "1"
},
{
"name": "Kochi",
"visitors": "1"
},
{
"name": "Nagasaki",
"visitors": "1"
},
{
"name": "Seoul",
"visitors": "1"
},
{
"name": "Bangkok",
"visitors": "1"
},
{
"name": "Texas",
"visitors": "1"
}
]