[
{
"name": "Mazovia",
"visitors": "86"
},
{
"name": "Pomerania",
"visitors": "24"
},
{
"name": "Silesia",
"visitors": "23"
},
{
"name": "Lesser Poland",
"visitors": "20"
},
{
"name": "Greater Poland",
"visitors": "18"
},
{
"name": "Lower Silesia",
"visitors": "16"
},
{
"name": "West Pomerania",
"visitors": "9"
},
{
"name": "\u0141\u00f3d\u017a",
"visitors": "8"
},
{
"name": "Lublin",
"visitors": "7"
},
{
"name": "Subcarpathia",
"visitors": "6"
},
{
"name": "Kuyavia-Pomerania",
"visitors": "5"
},
{
"name": "Podlachia",
"visitors": "4"
},
{
"name": "England",
"visitors": "3"
},
{
"name": "Heilongjiang",
"visitors": "2"
},
{
"name": "Centre-Val de Loire",
"visitors": "2"
},
{
"name": "Kursk",
"visitors": "2"
},
{
"name": "Rostov",
"visitors": "2"
},
{
"name": "Saint Petersburg",
"visitors": "2"
},
{
"name": "Vologda",
"visitors": "2"
},
{
"name": "Dnipropetrovshchyna",
"visitors": "2"
},
{
"name": "Lvivshchyna",
"visitors": "2"
},
{
"name": "Hesse",
"visitors": "1"
},
{
"name": "Grand-Est",
"visitors": "1"
},
{
"name": "Almaty City",
"visitors": "1"
},
{
"name": "North Holland",
"visitors": "1"
},
{
"name": "Oslo",
"visitors": "1"
},
{
"name": "Opole",
"visitors": "1"
},
{
"name": "Karelia",
"visitors": "1"
},
{
"name": "Novosibirsk",
"visitors": "1"
},
{
"name": "Ph\u00fa Th\u1ecd",
"visitors": "1"
},
{
"name": "Hanoi",
"visitors": "1"
},
{
"name": "Ho Chi Minh City",
"visitors": "1"
}
]