[
{
"name": "Seoul",
"visitors": "251"
},
{
"name": "Gyeonggi",
"visitors": "163"
},
{
"name": "Hebei",
"visitors": "45"
},
{
"name": "Daejeon",
"visitors": "27"
},
{
"name": "Busan",
"visitors": "22"
},
{
"name": "Incheon",
"visitors": "21"
},
{
"name": "South Chungcheong",
"visitors": "18"
},
{
"name": "North Gyeongsang",
"visitors": "17"
},
{
"name": "Daegu",
"visitors": "16"
},
{
"name": "North Chungcheong",
"visitors": "12"
},
{
"name": "Gwangju City",
"visitors": "11"
},
{
"name": "South Jeolla",
"visitors": "9"
},
{
"name": "Beijing",
"visitors": "8"
},
{
"name": "Guangdong",
"visitors": "8"
},
{
"name": "Shanghai",
"visitors": "8"
},
{
"name": "Zhejiang",
"visitors": "8"
},
{
"name": "Tokyo",
"visitors": "8"
},
{
"name": "North Jeolla",
"visitors": "8"
},
{
"name": "South Gyeongsang",
"visitors": "8"
},
{
"name": "Jiangsu",
"visitors": "7"
},
{
"name": "Shaanxi",
"visitors": "7"
},
{
"name": "Shandong",
"visitors": "6"
},
{
"name": "Fujian",
"visitors": "5"
},
{
"name": "Henan",
"visitors": "5"
},
{
"name": "Ulsan",
"visitors": "5"
},
{
"name": "Sejong",
"visitors": "5"
},
{
"name": "Liaoning",
"visitors": "4"
},
{
"name": "Gangwon",
"visitors": "4"
},
{
"name": "Anhui",
"visitors": "3"
},
{
"name": "Gansu",
"visitors": "3"
},
{
"name": "Hubei",
"visitors": "3"
},
{
"name": "Jeju",
"visitors": "3"
},
{
"name": "Ho Chi Minh City",
"visitors": "3"
},
{
"name": "Hunan",
"visitors": "2"
},
{
"name": "Jiangxi",
"visitors": "2"
},
{
"name": "Shanxi",
"visitors": "2"
},
{
"name": "Yunnan",
"visitors": "2"
},
{
"name": "England",
"visitors": "2"
},
{
"name": "Sicily",
"visitors": "2"
},
{
"name": "Kanagawa",
"visitors": "2"
},
{
"name": "Hanoi",
"visitors": "2"
},
{
"name": "Federation of Bosnia and Herzegovina",
"visitors": "1"
},
{
"name": "Chongqing",
"visitors": "1"
},
{
"name": "Heilongjiang",
"visitors": "1"
},
{
"name": "Jilin",
"visitors": "1"
},
{
"name": "Sichuan",
"visitors": "1"
},
{
"name": "Tianjin",
"visitors": "1"
},
{
"name": "Xinjiang",
"visitors": "1"
},
{
"name": "Karnataka",
"visitors": "1"
},
{
"name": "Shizuoka",
"visitors": "1"
},
{
"name": "Osaka",
"visitors": "1"
},
{
"name": "Metro Manila",
"visitors": "1"
},
{
"name": "Pomerania",
"visitors": "1"
},
{
"name": "V\u00e4stra G\u00f6taland",
"visitors": "1"
},
{
"name": "Nonthaburi",
"visitors": "1"
},
{
"name": "California",
"visitors": "1"
},
{
"name": "Oregon",
"visitors": "1"
},
{
"name": "Virginia",
"visitors": "1"
},
{
"name": "Ph\u00fa Th\u1ecd",
"visitors": "1"
},
{
"name": "Da Nang",
"visitors": "1"
}
]