[
{
"name": "Tokyo",
"visitors": "1889"
},
{
"name": "Osaka",
"visitors": "529"
},
{
"name": "Kanagawa",
"visitors": "276"
},
{
"name": "Saitama",
"visitors": "222"
},
{
"name": "Chiba",
"visitors": "198"
},
{
"name": "Aichi",
"visitors": "189"
},
{
"name": "Fukuoka",
"visitors": "91"
},
{
"name": "Hyogo",
"visitors": "86"
},
{
"name": "Kyoto",
"visitors": "67"
},
{
"name": "Hokkaido",
"visitors": "64"
},
{
"name": "Ibaraki",
"visitors": "45"
},
{
"name": "Shizuoka",
"visitors": "42"
},
{
"name": "Hiroshima",
"visitors": "42"
},
{
"name": "Nagano",
"visitors": "34"
},
{
"name": "Hebei",
"visitors": "32"
},
{
"name": "Miyagi",
"visitors": "31"
},
{
"name": "Guangdong",
"visitors": "29"
},
{
"name": "Okayama",
"visitors": "28"
},
{
"name": "Gunma",
"visitors": "26"
},
{
"name": "Niigata",
"visitors": "25"
},
{
"name": "Tochigi",
"visitors": "22"
},
{
"name": "Tokushima",
"visitors": "22"
},
{
"name": "Kumamoto",
"visitors": "20"
},
{
"name": "Sichuan",
"visitors": "18"
},
{
"name": "Gifu",
"visitors": "18"
},
{
"name": "Shiga",
"visitors": "18"
},
{
"name": "Nara",
"visitors": "18"
},
{
"name": "Oregon",
"visitors": "18"
},
{
"name": "Zhejiang",
"visitors": "17"
},
{
"name": "Ishikawa",
"visitors": "17"
},
{
"name": "Okinawa",
"visitors": "17"
},
{
"name": "Jiangsu",
"visitors": "16"
},
{
"name": "Toyama",
"visitors": "16"
},
{
"name": "Mie",
"visitors": "16"
},
{
"name": "Shandong",
"visitors": "13"
},
{
"name": "Shimane",
"visitors": "13"
},
{
"name": "Oita",
"visitors": "13"
},
{
"name": "Shaanxi",
"visitors": "11"
},
{
"name": "Kagoshima",
"visitors": "11"
},
{
"name": "Yamagata",
"visitors": "10"
},
{
"name": "Henan",
"visitors": "9"
},
{
"name": "Fukushima",
"visitors": "9"
},
{
"name": "Tottori",
"visitors": "9"
},
{
"name": "Shanghai",
"visitors": "8"
},
{
"name": "Saga",
"visitors": "8"
},
{
"name": "Beijing",
"visitors": "7"
},
{
"name": "Iwate",
"visitors": "7"
},
{
"name": "Yamanashi",
"visitors": "7"
},
{
"name": "Kochi",
"visitors": "7"
},
{
"name": "Anhui",
"visitors": "6"
},
{
"name": "Hubei",
"visitors": "6"
},
{
"name": "Yamaguchi",
"visitors": "6"
},
{
"name": "Ehime",
"visitors": "6"
},
{
"name": "Miyazaki",
"visitors": "6"
},
{
"name": "California",
"visitors": "6"
},
{
"name": "Colorado",
"visitors": "6"
},
{
"name": "Guizhou",
"visitors": "5"
},
{
"name": "Liaoning",
"visitors": "5"
},
{
"name": "Xinjiang",
"visitors": "5"
},
{
"name": "Nagasaki",
"visitors": "5"
},
{
"name": "Fujian",
"visitors": "4"
},
{
"name": "Gansu",
"visitors": "4"
},
{
"name": "Guangxi",
"visitors": "4"
},
{
"name": "Fukui",
"visitors": "4"
},
{
"name": "Wakayama",
"visitors": "4"
},
{
"name": "Kagawa",
"visitors": "4"
},
{
"name": "Washington DC",
"visitors": "4"
},
{
"name": "Iowa",
"visitors": "4"
},
{
"name": "Santa Catarina",
"visitors": "3"
},
{
"name": "Chongqing",
"visitors": "3"
},
{
"name": "Tianjin",
"visitors": "3"
},
{
"name": "Yunnan",
"visitors": "3"
},
{
"name": "Aomori",
"visitors": "3"
},
{
"name": "Western Australia",
"visitors": "2"
},
{
"name": "Hainan",
"visitors": "2"
},
{
"name": "Shanxi",
"visitors": "2"
},
{
"name": "Bali",
"visitors": "2"
},
{
"name": "Delhi",
"visitors": "2"
},
{
"name": "Telang\u0101na",
"visitors": "2"
},
{
"name": "Uttar\u0101khand",
"visitors": "2"
},
{
"name": "Akita",
"visitors": "2"
},
{
"name": "Seoul",
"visitors": "2"
},
{
"name": "Illinois",
"visitors": "2"
},
{
"name": "Massachusetts",
"visitors": "2"
},
{
"name": "Michigan",
"visitors": "2"
},
{
"name": "North Carolina",
"visitors": "2"
},
{
"name": "Texas",
"visitors": "2"
},
{
"name": "Virginia",
"visitors": "2"
},
{
"name": "Dhaka Division",
"visitors": "1"
},
{
"name": "Brussels",
"visitors": "1"
},
{
"name": "Hunan",
"visitors": "1"
},
{
"name": "Inner Mongolia",
"visitors": "1"
},
{
"name": "Baden-W\u00fcrttemberg",
"visitors": "1"
},
{
"name": "North Rhine-Westphalia",
"visitors": "1"
},
{
"name": "Cairo",
"visitors": "1"
},
{
"name": "Auvergne-Rh\u00f4ne-Alpes",
"visitors": "1"
},
{
"name": "\u00cele-de-France",
"visitors": "1"
},
{
"name": "Veneto",
"visitors": "1"
},
{
"name": "Bishkek",
"visitors": "1"
},
{
"name": "Phnom Penh",
"visitors": "1"
},
{
"name": "Yangon",
"visitors": "1"
},
{
"name": "Chihuahua",
"visitors": "1"
},
{
"name": "Mexico State",
"visitors": "1"
},
{
"name": "Central Visayas",
"visitors": "1"
},
{
"name": "Mazovia",
"visitors": "1"
},
{
"name": "Bucharest",
"visitors": "1"
},
{
"name": "Moscow",
"visitors": "1"
},
{
"name": "Stockholm",
"visitors": "1"
},
{
"name": "Bangkok",
"visitors": "1"
},
{
"name": "Istanbul",
"visitors": "1"
},
{
"name": "Taichung",
"visitors": "1"
},
{
"name": "Zhytomyrshchyna",
"visitors": "1"
},
{
"name": "Kyiv",
"visitors": "1"
},
{
"name": "Maryland",
"visitors": "1"
},
{
"name": "New Jersey",
"visitors": "1"
},
{
"name": "New York",
"visitors": "1"
},
{
"name": "Washington",
"visitors": "1"
},
{
"name": "Hanoi",
"visitors": "1"
},
{
"name": "Ho Chi Minh City",
"visitors": "1"
}
]