[
{
"name": "Mazovia",
"visitors": "83"
},
{
"name": "Greater Poland",
"visitors": "58"
},
{
"name": "Lesser Poland",
"visitors": "39"
},
{
"name": "Lower Silesia",
"visitors": "29"
},
{
"name": "\u0141\u00f3d\u017a",
"visitors": "29"
},
{
"name": "Silesia",
"visitors": "29"
},
{
"name": "Pomerania",
"visitors": "19"
},
{
"name": "Subcarpathia",
"visitors": "14"
},
{
"name": "Warmia-Masuria",
"visitors": "9"
},
{
"name": "Lublin",
"visitors": "8"
},
{
"name": "Podlachia",
"visitors": "6"
},
{
"name": "West Pomerania",
"visitors": "6"
},
{
"name": "Kuyavia-Pomerania",
"visitors": "5"
},
{
"name": "Z\u00fcrich",
"visitors": "4"
},
{
"name": "England",
"visitors": "4"
},
{
"name": "Holy Cross",
"visitors": "3"
},
{
"name": "Oregon",
"visitors": "3"
},
{
"name": "Abu Dhabi",
"visitors": "2"
},
{
"name": "Western Australia",
"visitors": "2"
},
{
"name": "Zhejiang",
"visitors": "2"
},
{
"name": "Bavaria",
"visitors": "2"
},
{
"name": "Budapest",
"visitors": "2"
},
{
"name": "Telang\u0101na",
"visitors": "2"
},
{
"name": "Piedmont",
"visitors": "2"
},
{
"name": "Zeeland",
"visitors": "2"
},
{
"name": "Opole",
"visitors": "2"
},
{
"name": "Porto",
"visitors": "2"
},
{
"name": "Dushanbe",
"visitors": "2"
},
{
"name": "Kyivshchyna",
"visitors": "2"
},
{
"name": "Illinois",
"visitors": "2"
},
{
"name": "Armavir",
"visitors": "1"
},
{
"name": "Flanders",
"visitors": "1"
},
{
"name": "Rio de Janeiro",
"visitors": "1"
},
{
"name": "S\u00e3o Paulo",
"visitors": "1"
},
{
"name": "Quebec",
"visitors": "1"
},
{
"name": "Guangdong",
"visitors": "1"
},
{
"name": "Gansu",
"visitors": "1"
},
{
"name": "Henan",
"visitors": "1"
},
{
"name": "Tianjin",
"visitors": "1"
},
{
"name": "Prague",
"visitors": "1"
},
{
"name": "North Rhine-Westphalia",
"visitors": "1"
},
{
"name": "Central Denmark",
"visitors": "1"
},
{
"name": "Uusimaa",
"visitors": "1"
},
{
"name": "\u00cele-de-France",
"visitors": "1"
},
{
"name": "West Bengal",
"visitors": "1"
},
{
"name": "Seoul",
"visitors": "1"
},
{
"name": "Taza-Al Hoceima-Taounate",
"visitors": "1"
},
{
"name": "Lubusz",
"visitors": "1"
},
{
"name": "Chelyabinsk",
"visitors": "1"
},
{
"name": "Saint Petersburg",
"visitors": "1"
},
{
"name": "Tver",
"visitors": "1"
},
{
"name": "Colorado",
"visitors": "1"
},
{
"name": "Hanoi",
"visitors": "1"
}
]